Creditability,Account Balance,Duration of Credit (month),Payment Status of Previous Credit,Purpose,Credit Amount,Value Savings/Stocks,Length of current employment,Instalment per cent,Sex & Marital Status,Guarantors,Duration in Current address,Most valuable available asset,Age years,Concurrent Credits,Type of apartment,No of Credits at this Bank,Occupation,No of dependents,Telephone,Foreign Worker
Bad,< 0,18,4,furniture/equipment,1049,1,2,4,2,1,4,2,21,3,rent,1,3,1,1,1
Bad,< 0,9,4,car (new),2799,1,3,2,3,1,2,1,36,3,rent,2,3,2,1,1
Bad,< 200,12,2,business,841,2,4,2,2,1,4,1,23,3,rent,1,2,1,1,1
Bad,< 0,12,4,car (new),2122,1,3,3,3,1,2,1,39,3,rent,2,2,2,1,2
Bad,< 0,12,4,car (new),2171,1,3,4,3,1,4,2,38,1,own,2,2,1,1,2
Bad,< 0,10,4,car (new),2241,1,2,1,3,1,3,1,48,3,rent,2,2,2,1,2
Bad,< 0,8,4,car (new),3398,1,4,1,3,1,4,1,39,3,own,2,2,1,1,2
Bad,< 0,6,4,car (new),1361,1,2,2,3,1,4,1,40,3,own,1,2,2,1,2
Bad,No checking,18,4,radio/television,1098,1,1,4,2,1,4,3,65,3,own,2,1,1,1,1
Bad,< 200,24,2,radio/television,3758,3,1,1,2,1,4,4,23,3,rent,1,1,1,1,1
Bad,< 0,11,4,car (new),3905,1,3,2,3,1,2,1,36,3,rent,2,3,2,1,1
Bad,< 0,30,4,car (used),6187,2,4,1,4,1,4,3,24,3,rent,2,3,1,1,1
Bad,< 0,6,4,radio/television,1957,1,4,1,2,1,4,3,31,3,own,1,3,1,1,1
Bad,< 200,48,3,car(new),7582,2,1,2,3,1,4,4,31,3,own,1,4,1,2,1
Bad,< 0,18,2,radio/television,1936,5,4,2,4,1,4,3,23,3,rent,2,2,1,1,1
Bad,< 0,6,2,radio/television,2647,3,3,2,3,1,3,1,44,3,rent,1,3,2,1,1
Bad,< 0,11,4,car (new),3939,1,3,1,3,1,2,1,40,3,own,2,2,2,1,1
Bad,< 200,18,2,radio/television,3213,3,2,1,4,1,3,1,25,3,rent,1,3,1,1,1
Bad,< 200,36,4,radio/television,2337,1,5,4,3,1,4,1,36,3,own,1,3,1,1,1
Bad,No checking,11,4,car (new),7228,1,3,1,3,1,4,2,39,3,own,2,2,1,1,1
Bad,< 0,6,4,car (new),3676,1,3,1,3,1,3,1,37,3,rent,3,3,2,1,1
Bad,< 200,12,4,car (new),3124,1,2,1,3,1,3,1,49,1,own,2,2,2,1,1
Good,< 200,36,2,repairs,2384,1,2,4,3,1,1,4,33,3,rent,1,2,1,1,1
Bad,< 200,12,4,domestic appliances,1424,1,4,4,3,1,3,2,26,3,own,1,3,1,1,1
Bad,< 0,6,4,car (new),4716,5,2,1,3,1,3,1,44,3,own,2,2,2,1,1
Bad,< 200,11,3,radio/television,4771,1,4,2,3,1,4,2,51,3,own,1,3,1,1,1
Bad,< 0,12,2,furniture/equipment,652,1,5,4,2,1,4,2,24,3,rent,1,3,1,1,1
Bad,< 200,9,4,radio/television,1154,1,5,2,3,1,4,1,37,3,own,3,2,1,1,1
Bad,No checking,15,2,car (new),3556,5,3,3,3,1,2,4,29,3,own,1,3,1,1,1
Bad,>= 200,42,4,car (used),4796,1,5,4,3,1,4,4,56,3,for free,1,3,1,1,1
Bad,>= 200,30,4,radio/television,3017,1,5,4,3,1,4,2,47,3,own,1,3,1,1,1
Bad,No checking,36,4,car (new),3535,1,4,4,3,1,4,3,37,3,own,2,3,1,2,1
Bad,No checking,36,4,car (new),6614,1,5,4,3,1,4,3,34,3,own,2,4,1,2,1
Bad,No checking,24,2,radio/television,1376,3,4,4,2,1,1,3,28,3,own,1,3,1,1,1
Bad,< 0,15,2,car (new),1721,1,2,2,3,1,3,1,36,3,own,1,3,1,1,1
Bad,< 0,6,4,car (new),860,1,5,1,2,1,4,4,39,3,own,2,3,1,2,1
Bad,No checking,12,4,car (new),1495,1,5,4,3,1,1,1,38,3,own,2,2,2,1,1
Bad,No checking,12,4,radio/television,1934,1,5,2,3,1,2,4,26,3,own,2,3,1,1,1
Bad,No checking,18,2,car (used),3378,5,3,2,3,1,1,2,31,3,own,1,3,1,2,1
Bad,No checking,24,4,car (used),3868,1,5,4,2,1,2,3,41,3,rent,2,4,1,2,1
Bad,No checking,12,4,repairs,996,5,4,4,2,1,4,1,23,3,own,2,3,1,1,1
Bad,< 0,24,2,car(new),1755,1,5,4,2,3,4,1,58,3,own,1,2,1,2,1
Bad,No checking,18,4,car (new),1028,1,3,4,2,1,3,1,36,3,own,2,3,1,1,1
Bad,< 200,24,4,business,2825,5,4,4,3,1,3,4,34,3,own,2,3,2,2,1
Bad,< 200,18,2,education,1239,5,3,4,3,1,4,4,61,3,for free,1,3,1,1,1
Good,< 0,18,2,car (new),1216,1,2,4,2,1,3,3,23,3,rent,1,3,1,2,1
Bad,No checking,24,2,business,1258,1,4,4,3,1,1,1,25,3,own,1,3,1,2,1
Good,No checking,18,4,education,1864,2,3,4,2,1,2,1,30,3,own,2,3,1,1,1
Bad,No checking,24,2,car (new),1474,2,2,4,4,1,3,1,33,3,own,1,3,1,2,1
Bad,< 0,24,4,business,1382,2,4,4,3,1,1,1,26,3,own,2,3,1,2,1
Bad,No checking,12,2,car (new),640,1,3,4,1,1,2,1,49,3,own,1,2,1,1,1
Bad,>= 200,36,2,radio/television,3919,1,3,2,3,1,2,1,23,3,own,1,3,1,2,1
Bad,No checking,9,4,car (new),1224,1,3,3,3,1,1,1,30,3,own,2,3,1,1,1
Bad,No checking,12,4,radio/television,2331,5,5,1,3,2,4,1,49,3,own,1,3,1,2,1
Bad,No checking,24,2,car (used),6313,5,5,3,3,1,4,3,41,3,own,1,4,2,2,1
Bad,< 0,12,4,radio/television,385,1,4,4,2,1,3,1,58,3,own,4,2,1,2,1
Bad,No checking,12,4,radio/television,1655,1,5,2,3,1,4,1,63,3,own,2,2,1,2,1
Bad,< 0,15,2,radio/television,1053,1,2,4,4,1,2,1,27,3,own,1,3,1,1,2
Bad,No checking,21,2,radio/television,3160,5,5,4,3,1,3,2,41,3,own,1,3,1,2,1
Bad,No checking,36,2,car (new),3079,5,3,4,3,1,4,1,36,3,own,1,3,1,1,1
Bad,No checking,12,4,car (new),1163,3,3,4,3,1,4,1,44,3,own,1,3,1,2,1
Bad,No checking,24,2,car (used),2679,1,2,4,2,1,1,4,29,3,own,1,4,1,2,1
Bad,No checking,48,4,radio/television,3578,5,5,4,3,1,1,1,47,3,own,1,3,1,2,1
Bad,No checking,36,3,car (new),10875,1,5,2,3,1,2,3,45,3,own,2,3,2,2,1
Bad,< 0,12,3,car (new),1344,1,3,4,3,1,2,1,43,3,own,2,2,2,1,1
Bad,No checking,6,4,radio/television,1237,2,3,1,2,1,1,2,27,3,own,2,3,1,1,1
Bad,No checking,12,2,radio/television,3077,1,3,2,3,1,4,3,52,3,own,1,3,1,2,1
Bad,No checking,24,2,radio/television,2284,1,4,4,3,1,2,3,28,3,own,1,3,1,2,1
Bad,< 200,12,2,radio/television,1567,1,3,1,2,1,1,3,22,3,own,1,3,1,2,1
Bad,No checking,24,3,car (new),2032,1,5,4,3,1,4,4,60,3,for free,2,3,1,2,1
Bad,< 200,21,4,furniture/equipment,2745,4,4,3,3,1,2,3,32,3,own,2,3,1,2,1
Bad,No checking,30,2,radio/television,1867,5,5,4,3,1,4,3,58,3,own,1,3,1,2,1
Bad,No checking,36,2,radio/television,2299,3,5,4,3,1,4,3,39,3,own,1,3,1,1,1
Bad,No checking,24,2,furniture/equipment,929,5,4,4,3,1,2,3,31,2,own,1,3,1,2,1
Bad,>= 200,12,2,radio/television,3399,5,5,2,3,1,3,3,37,3,own,1,4,1,1,1
Bad,< 200,9,2,furniture/equipment,2030,5,4,2,3,1,1,3,24,3,own,1,3,1,2,1
Bad,No checking,21,4,car (used),3275,1,5,1,3,1,4,3,36,3,own,1,4,1,2,1
Bad,No checking,24,4,car (new),1940,4,5,4,3,1,4,1,60,3,own,1,3,1,2,1
Bad,< 0,21,4,car (new),1602,1,5,4,4,1,3,3,30,3,own,2,3,1,2,1
Bad,No checking,15,2,radio/television,1979,5,5,4,3,1,2,3,35,3,own,1,3,1,1,1
Bad,No checking,24,4,car (new),2022,1,3,4,2,1,4,3,37,3,own,1,3,1,2,1
Bad,No checking,36,4,radio/television,3342,5,5,4,3,1,2,3,51,3,own,1,3,1,2,1
Bad,< 200,18,2,car (new),5866,2,3,2,3,1,2,3,30,3,own,2,3,1,2,1
Bad,>= 200,15,4,car (used),2360,3,3,2,3,1,2,3,36,3,own,1,3,1,2,1
Bad,No checking,15,4,furniture/equipment,1520,5,5,4,3,1,4,2,63,3,own,1,3,1,1,1
Bad,< 0,12,2,car (new),3651,4,3,1,3,1,3,2,31,3,own,1,3,2,1,1
Bad,No checking,24,4,car (used),2346,1,4,4,3,1,3,3,35,3,own,2,3,1,2,1
Bad,No checking,36,3,radio/television,4454,1,3,4,2,1,4,1,34,3,own,2,3,1,1,1
Bad,< 0,6,4,car (new),666,4,4,3,2,1,4,1,39,3,own,2,2,1,2,1
Bad,< 200,24,3,car (new),1965,5,3,4,2,1,4,3,42,3,rent,2,3,1,2,1
Bad,< 200,12,4,car (new),1995,2,2,4,3,1,1,3,27,3,own,1,3,1,1,1
Bad,< 200,30,2,radio/television,2991,5,5,2,2,1,4,3,25,3,own,1,3,1,1,1
Bad,< 200,30,0,business,4221,1,3,2,2,1,1,3,28,3,own,2,3,1,1,1
Bad,< 0,9,2,radio/television,1364,1,4,3,3,1,4,1,59,3,own,1,3,1,1,1
Bad,< 200,18,4,furniture/equipment,6361,1,5,2,3,1,1,4,41,3,own,1,3,1,2,1
Bad,No checking,27,4,furniture/equipment,4526,4,2,4,3,1,2,1,32,2,own,2,2,2,2,1
Bad,< 200,12,4,radio/television,3573,1,3,1,2,1,1,1,23,3,own,1,2,1,1,1
Good,< 200,36,3,business,4455,1,3,2,1,1,2,1,30,2,own,2,4,1,2,1
Bad,< 0,9,2,furniture/equipment,2136,1,3,3,3,1,2,1,25,3,own,1,3,1,1,1
Bad,< 200,42,4,business,5954,1,4,2,2,1,1,1,41,1,own,2,2,1,1,1
Bad,No checking,24,4,furniture/equipment,3777,4,3,4,3,1,4,1,40,3,own,1,3,1,2,1
Bad,< 0,15,2,business,806,1,3,4,2,1,4,2,22,3,own,1,2,1,1,1
Bad,< 200,24,3,business,4712,5,3,4,3,1,2,2,34,1,own,2,4,1,2,1
Bad,< 200,36,3,car (new),7432,1,3,2,2,1,2,2,54,3,rent,1,3,1,1,1
Bad,No checking,24,4,radio/television,1851,1,4,4,4,3,2,3,33,3,own,2,3,1,2,1
Bad,No checking,24,2,car (new),1393,1,3,2,3,3,2,1,31,3,own,1,3,1,2,1
Bad,No checking,12,4,business,1412,1,3,4,2,3,2,1,29,3,own,2,4,1,2,1
Bad,No checking,18,2,radio/television,1473,1,2,3,4,1,4,1,39,3,own,1,3,1,2,1
Bad,No checking,24,2,radio/television,1533,1,2,4,2,1,3,3,38,2,own,1,3,1,2,1
Bad,No checking,12,4,education,2012,5,4,4,2,1,2,3,61,3,own,1,3,1,1,1
Good,< 0,15,2,car (new),3959,1,3,3,2,1,2,2,29,3,own,1,3,1,2,1
Bad,< 0,6,2,furniture/equipment,428,1,5,2,2,1,1,2,49,1,own,1,3,1,2,1
Bad,< 200,12,4,car (new),2366,3,4,3,1,1,3,3,36,3,own,1,4,1,2,1
Bad,No checking,12,2,furniture/equipment,763,1,3,4,2,1,1,1,26,3,own,1,3,1,2,1
Bad,< 200,21,2,furniture/equipment,3976,5,4,2,3,1,3,3,35,3,own,1,3,1,2,1
Bad,< 200,18,2,car (new),6260,1,4,3,3,1,3,1,28,3,rent,1,2,1,1,1
Bad,< 200,9,4,furniture/equipment,1919,1,4,4,3,1,3,3,35,3,rent,1,3,1,2,1
Bad,No checking,24,2,car (used),2603,4,3,2,2,1,4,3,28,3,rent,1,3,1,2,1
Bad,No checking,9,4,education,936,3,5,4,3,1,2,3,52,3,own,2,3,1,2,1
Bad,No checking,24,2,furniture/equipment,3062,3,5,4,3,1,3,4,32,3,rent,1,3,1,2,1
Bad,< 200,36,2,radio/television,4795,1,2,4,2,1,1,4,30,3,own,1,4,1,2,1
Bad,No checking,36,4,car (used),5842,1,5,2,3,1,2,2,35,3,own,2,3,2,2,1
Bad,< 200,6,2,radio/television,2063,1,2,4,4,1,3,3,30,3,rent,1,4,1,2,1
Bad,No checking,15,4,radio/television,1459,1,3,4,2,1,2,3,43,3,own,1,2,1,1,1
Bad,No checking,15,2,radio/television,1213,3,5,4,3,1,3,2,47,2,own,1,3,1,2,1
Bad,No checking,24,4,radio/television,5103,1,2,3,4,1,3,4,47,3,for free,3,3,1,2,1
Bad,No checking,15,2,domestic appliances,874,5,2,4,2,1,1,1,24,3,own,1,3,1,1,1
Bad,No checking,6,2,furniture/equipment,2978,3,3,1,3,1,2,3,32,3,own,1,3,1,2,1
Bad,No checking,18,2,car (new),1820,1,3,2,4,1,2,2,30,3,own,1,4,1,2,1
Bad,No checking,24,4,radio/television,2872,2,5,3,3,1,4,1,36,3,own,1,3,2,2,1
Bad,>= 200,24,2,furniture/equipment,1925,1,3,2,3,1,2,1,26,3,own,1,3,1,1,1
Bad,No checking,18,2,furniture/equipment,2515,1,3,3,3,1,4,1,43,3,own,1,3,1,2,1
Bad,>= 200,6,2,furniture/equipment,2116,1,3,2,3,1,2,1,41,3,own,1,3,1,2,1
Bad,No checking,18,2,radio/television,1453,1,2,3,2,1,1,1,26,3,own,1,3,1,1,1
Bad,No checking,10,2,car (new),1364,1,3,2,2,1,4,3,64,3,own,1,3,1,2,1
Bad,No checking,6,2,furniture/equipment,1543,4,3,4,1,1,2,1,33,3,own,1,3,1,1,1
Bad,< 200,12,2,car (new),1318,4,5,4,3,1,4,1,54,3,own,1,3,1,2,1
Bad,< 0,24,1,car (new),2325,2,4,2,3,1,3,3,32,1,own,1,3,1,1,1
Bad,< 200,6,4,retraining,932,5,4,1,2,1,3,2,39,3,own,2,2,1,1,1
Bad,>= 200,24,4,radio/television,3148,5,3,3,3,1,2,3,31,3,own,2,3,1,2,1
Bad,No checking,36,2,radio/television,3835,5,5,2,2,1,4,1,45,3,own,1,2,1,2,1
Bad,No checking,9,2,education,3832,5,5,1,3,1,4,1,64,3,own,1,2,1,1,1
Bad,< 200,24,2,radio/television,5084,5,5,2,2,1,4,3,42,3,own,1,3,1,2,1
Bad,No checking,9,4,furniture/equipment,2406,1,1,2,3,1,3,3,31,3,own,1,4,1,1,1
Bad,No checking,36,2,radio/television,2394,5,3,4,2,1,4,3,25,3,own,1,3,1,1,1
Bad,No checking,21,2,car (used),2476,5,5,4,3,1,4,1,46,3,own,1,4,1,2,1
Bad,< 0,24,2,car (used),2964,5,5,4,3,1,4,4,49,1,for free,1,3,2,2,1
Bad,< 0,12,2,furniture/equipment,1262,5,5,2,1,1,4,2,49,3,own,1,2,1,2,1
Bad,No checking,12,2,business,1542,1,4,2,3,1,4,3,36,3,own,1,3,1,2,1
Bad,< 200,24,4,radio/television,1743,1,5,4,3,1,2,2,48,3,own,2,2,1,1,1
Bad,>= 200,12,1,radio/television,409,4,3,3,2,1,3,1,42,3,rent,2,3,1,1,1
Bad,No checking,12,2,radio/television,2171,1,2,2,2,1,2,3,29,1,own,1,3,1,1,1
Bad,No checking,48,4,car (used),8858,5,4,2,3,1,1,4,35,3,for free,2,3,1,2,1
Bad,< 200,24,2,car (new),3512,2,4,2,3,1,3,3,38,1,own,2,3,1,2,1
Bad,< 200,12,2,radio/television,1158,3,3,3,1,1,1,3,26,3,own,1,3,1,2,1
Bad,No checking,24,4,radio/television,2684,1,3,4,3,1,2,1,35,3,own,2,2,1,1,1
Bad,< 0,12,2,radio/television,1498,1,3,4,2,1,1,3,23,1,own,1,3,1,1,1
Bad,No checking,30,4,radio/television,5954,1,4,3,3,2,2,3,38,3,own,1,3,1,1,1
Good,< 200,48,1,business,6416,1,5,4,2,1,3,4,59,3,rent,1,3,1,1,1
Bad,< 200,12,4,furniture/equipment,3617,1,5,1,3,1,4,3,28,3,rent,3,3,1,2,1
Bad,No checking,12,4,radio/television,1291,1,3,4,2,1,2,2,35,3,own,2,3,1,1,1
Bad,>= 200,24,4,business,1275,4,3,2,1,1,4,1,36,3,own,2,3,1,2,1
Bad,No checking,24,2,furniture/equipment,3972,1,4,2,2,1,4,2,25,3,rent,1,3,1,2,1
Bad,No checking,15,4,furniture/equipment,3343,1,3,4,3,1,2,4,28,3,for free,1,3,1,2,1
Bad,>= 200,15,2,education,392,1,2,4,2,1,4,2,23,3,rent,1,3,1,2,1
Bad,No checking,9,4,car (new),2134,1,3,4,3,1,4,3,48,3,own,3,3,1,2,1
Bad,No checking,30,4,radio/television,5771,1,4,4,2,1,2,3,25,3,own,2,3,1,1,1
Bad,No checking,24,4,business,4526,1,3,3,3,1,2,1,74,3,own,1,4,1,2,1
Bad,No checking,15,4,furniture/equipment,2788,1,4,2,2,2,3,3,24,1,own,2,3,1,1,1
Bad,No checking,6,4,radio/television,1382,1,3,1,2,1,1,3,28,3,own,2,3,1,2,1
Bad,>= 200,36,2,radio/television,5848,1,3,4,3,1,1,3,24,3,own,1,3,1,1,1
Good,< 0,12,2,car (new),1228,1,3,4,2,1,2,1,24,3,own,1,2,1,1,1
Bad,>= 200,12,2,radio/television,1297,1,3,3,4,1,4,1,23,3,rent,1,3,1,1,1
Bad,No checking,24,2,radio/television,1552,1,4,3,3,1,1,3,32,1,own,1,3,2,1,1
Bad,No checking,12,2,radio/television,1963,1,4,4,3,1,2,3,31,3,rent,2,4,2,2,1
Bad,No checking,24,2,radio/television,3235,3,5,3,1,1,2,3,36,3,own,1,4,1,2,1
Bad,No checking,24,4,business,4139,2,3,3,3,1,3,2,27,3,own,2,2,1,2,1
Bad,< 200,12,4,car (used),1804,2,2,3,3,1,4,2,44,3,own,1,3,1,1,1
Bad,No checking,18,2,business,1950,1,4,4,3,1,1,3,34,2,own,2,3,1,2,1
Bad,No checking,48,3,radio/television,12749,3,4,4,3,1,1,3,37,3,own,1,4,1,2,1
Bad,No checking,9,2,domestic appliances,1236,1,2,1,2,1,4,1,23,3,rent,1,3,1,2,1
Bad,No checking,18,4,car (new),1055,1,2,4,2,1,1,2,30,3,own,2,3,1,1,1
Bad,< 0,30,0,business,8072,5,2,2,3,1,3,3,25,1,own,3,3,1,1,1
Bad,No checking,30,4,radio/television,2831,1,3,4,2,1,2,3,33,3,own,1,3,1,2,1
Bad,No checking,9,2,business,1449,1,4,3,2,1,2,3,27,3,own,2,3,1,1,1
Bad,No checking,36,2,business,5742,2,4,2,3,1,2,3,31,3,own,2,3,1,2,1
Bad,No checking,12,2,car (new),2390,5,5,4,3,1,3,3,50,3,own,1,3,1,2,1
Bad,No checking,24,2,radio/television,3430,3,5,3,3,1,2,3,31,3,own,1,3,2,2,1
Bad,< 200,36,2,education,2273,1,4,3,3,1,1,3,32,3,own,2,3,2,1,1
Bad,>= 200,21,2,car (new),2923,2,3,1,2,1,1,3,28,1,own,1,4,1,2,1
Bad,No checking,24,2,radio/television,1901,2,3,4,3,1,4,3,29,3,rent,1,4,1,2,1
Bad,< 200,36,2,education,3711,5,3,2,4,1,2,3,27,3,own,1,3,1,1,1
Bad,< 200,48,2,car (new),8487,5,4,1,2,1,2,3,24,3,own,1,3,1,1,1
Bad,No checking,24,2,car (new),2255,5,2,4,3,1,1,2,54,3,own,1,3,1,1,1
Bad,No checking,12,2,radio/television,1262,1,3,3,3,1,2,3,25,3,own,1,3,1,1,1
Bad,No checking,33,4,car (used),7253,1,4,3,3,1,2,3,35,3,own,2,4,1,2,1
Bad,No checking,6,4,car (new),6761,1,4,1,3,1,3,4,45,3,own,2,4,2,2,1
Bad,No checking,18,4,furniture/equipment,1817,1,3,4,2,1,2,4,28,3,own,2,3,1,1,1
Bad,No checking,12,2,radio/television,2141,2,4,3,3,1,1,4,35,3,own,1,3,1,1,1
Bad,No checking,48,1,business,3609,1,3,1,2,1,1,1,27,2,own,1,3,1,1,1
Bad,No checking,30,2,radio/television,2333,3,5,4,3,1,2,3,30,1,own,1,4,1,1,1
Bad,No checking,28,1,car (used),7824,5,2,3,3,3,4,1,40,1,rent,2,3,2,2,1
Bad,>= 200,18,1,radio/television,1445,5,4,4,3,1,4,3,49,1,own,1,2,1,1,1
Bad,< 0,24,2,furniture/equipment,7721,5,2,1,2,1,2,2,30,3,own,1,3,1,2,2
Bad,< 0,21,2,car (new),3763,5,4,2,3,2,2,1,24,3,own,1,2,1,1,2
Bad,< 200,18,2,business,4439,1,5,1,3,2,1,1,33,1,own,1,4,1,2,1
Bad,< 0,12,2,radio/television,1107,1,3,2,3,1,2,1,20,3,rent,1,4,2,2,1
Bad,< 200,15,2,radio/television,1444,5,2,4,3,1,1,2,23,3,own,1,3,1,1,1
Bad,< 200,48,1,car (new),12169,5,1,4,3,2,4,4,36,3,for free,1,4,1,2,1
Bad,No checking,9,2,radio/television,2753,2,5,3,3,2,4,3,35,3,own,1,3,1,2,1
Bad,>= 200,4,2,car (new),1494,5,2,1,3,1,2,1,29,3,own,1,2,2,1,2
Bad,< 0,24,1,furniture/equipment,2828,3,3,4,3,1,4,1,22,2,own,1,3,1,2,1
Bad,< 0,24,1,furniture/equipment,2483,3,3,4,3,1,4,1,22,2,own,1,3,1,2,1
Bad,>= 200,6,4,car (new),1299,1,3,1,3,1,1,1,74,3,own,3,1,2,1,2
Bad,< 200,9,2,car (new),1549,5,2,4,3,1,2,1,35,3,own,1,1,1,1,1
Bad,>= 200,10,2,car (new),3949,1,2,1,3,3,1,2,37,3,own,1,2,2,1,1
Bad,No checking,10,2,car (used),2901,5,2,1,2,1,4,1,31,3,rent,1,3,1,1,1
Bad,>= 200,6,2,car (new),709,4,2,2,4,1,2,1,27,3,own,1,1,1,1,2
Bad,< 0,47,2,car (new),10722,1,2,1,2,1,1,1,35,3,own,1,2,1,2,1
Bad,No checking,10,2,car (new),1287,5,5,4,3,2,2,2,45,3,own,1,2,1,1,2
Bad,< 0,18,1,radio/television,1940,1,2,3,3,2,4,4,36,1,for free,1,4,1,2,1
Bad,>= 200,30,4,radio/television,3656,5,5,4,3,1,4,2,49,2,own,2,2,1,1,1
Bad,No checking,24,3,car (used),4679,1,4,3,3,1,3,3,35,3,own,2,2,1,2,1
Bad,No checking,27,3,car (used),8613,4,3,2,3,1,2,3,27,3,own,2,3,1,1,1
Bad,< 0,18,2,furniture/equipment,2659,4,3,4,3,1,2,3,28,3,own,1,3,1,1,1
Bad,No checking,24,4,radio/television,1516,4,3,4,2,1,1,1,43,3,own,2,2,1,1,1
Bad,< 0,18,2,car (new),4380,2,3,3,3,1,4,3,35,3,own,1,2,2,2,1
Bad,No checking,14,3,car (new),802,1,3,4,3,1,2,3,27,3,own,2,2,1,1,1
Bad,No checking,21,2,business,1572,4,5,4,2,1,4,1,36,1,own,1,2,1,1,1
Bad,< 200,48,1,business,3566,2,4,4,3,1,2,3,30,3,own,1,3,1,1,1
Bad,No checking,24,2,radio/television,1278,1,5,4,3,1,1,1,36,3,own,1,4,1,2,1
Bad,No checking,6,0,radio/television,426,1,5,4,4,1,4,3,39,3,own,1,2,1,1,1
Bad,No checking,39,2,car (used),8588,2,5,4,3,1,2,3,45,3,own,1,4,1,2,1
Bad,< 0,30,2,car (used),3857,1,3,4,1,1,4,2,40,3,own,1,4,1,2,1
Good,< 200,12,2,car (new),685,1,4,2,4,1,3,3,25,1,own,1,2,1,1,1
Bad,< 0,24,2,radio/television,1603,1,5,4,2,1,4,3,55,3,own,1,3,1,1,1
Bad,No checking,21,2,furniture/equipment,2241,1,5,4,3,1,2,1,50,3,own,2,3,1,1,1
Bad,< 0,24,2,radio/television,2384,1,5,4,3,1,4,1,64,1,rent,1,2,1,1,1
Bad,No checking,4,2,furniture/equipment,601,1,2,1,2,1,3,1,23,3,rent,1,2,2,1,1
Bad,No checking,39,2,car (used),2569,3,3,4,3,1,4,3,24,3,own,1,3,1,1,1
Bad,No checking,15,4,radio/television,1316,3,3,2,4,1,2,2,47,3,own,2,2,1,1,1
Bad,No checking,60,2,car (new),10366,1,5,2,3,1,4,2,42,3,own,1,4,1,2,1
Bad,No checking,18,2,business,1568,2,3,3,2,1,4,2,24,3,rent,1,2,1,1,1
Bad,No checking,18,4,radio/television,629,3,5,4,3,1,3,2,32,1,own,2,4,1,2,1
Bad,No checking,6,1,radio/television,1750,3,5,2,3,1,4,2,45,1,own,1,2,2,1,1
Bad,No checking,24,2,car (used),3488,2,4,3,2,1,4,3,23,3,own,1,3,1,1,1
Bad,No checking,18,4,radio/television,1800,1,3,4,3,1,2,3,24,3,own,2,3,1,1,1
Bad,No checking,24,3,furniture/equipment,4151,2,3,2,3,1,3,2,35,3,own,2,3,1,1,1
Bad,< 200,15,2,repairs,2631,2,3,3,2,1,2,1,25,3,own,1,2,1,1,1
Bad,No checking,21,2,car (used),5248,5,3,1,3,1,3,3,26,3,own,1,3,1,1,1
Bad,< 200,18,3,car (new),2899,5,5,4,3,1,4,3,43,3,own,1,3,2,1,1
Bad,< 200,18,3,repairs,6204,1,3,2,3,1,4,1,44,3,own,1,2,2,2,1
Bad,No checking,12,2,radio/television,804,1,5,4,3,1,4,3,38,3,own,1,3,1,1,1
Bad,No checking,36,2,radio/television,3595,1,5,4,3,1,2,3,28,3,own,1,3,1,1,1
Bad,No checking,36,4,car (used),5711,4,5,4,3,1,2,3,38,3,own,2,4,1,2,1
Bad,>= 200,15,2,business,2687,1,4,2,3,1,4,2,26,3,rent,1,3,1,2,1
Bad,< 0,15,3,furniture/equipment,3643,1,5,1,2,1,4,2,27,3,own,2,2,1,1,1
Bad,No checking,10,4,furniture/equipment,2146,1,2,1,2,1,3,1,23,3,rent,2,3,1,1,1
Bad,< 0,10,2,radio/television,2315,1,5,3,3,1,4,1,52,3,own,1,2,1,1,1
Bad,No checking,5,2,business,3448,1,4,1,3,1,4,1,74,3,own,1,2,1,1,1
Bad,No checking,15,2,furniture/equipment,2708,1,2,2,3,1,3,2,27,1,own,2,2,1,1,1
Bad,No checking,11,4,car (new),1393,1,2,4,2,1,4,3,35,3,own,2,4,1,1,1
Bad,>= 200,10,2,furniture/equipment,1275,1,2,4,2,1,2,2,23,3,own,1,3,1,1,1
Bad,No checking,9,2,furniture/equipment,1313,1,5,1,3,1,4,3,20,3,own,1,3,1,1,1
Bad,No checking,12,2,radio/television,1493,1,2,4,2,1,3,3,34,3,own,1,3,2,1,1
Bad,No checking,22,2,radio/television,2675,3,5,3,3,1,4,3,40,3,own,1,3,1,1,1
Bad,< 200,9,2,radio/television,2118,1,3,2,3,1,2,1,37,3,own,1,2,2,1,1
Bad,No checking,36,2,car (new),909,3,5,4,3,1,4,2,36,3,own,1,3,1,1,1
Bad,No checking,12,4,furniture/equipment,1258,1,2,2,2,1,4,2,22,3,rent,2,2,1,1,1
Bad,No checking,15,1,radio/television,1569,2,5,4,3,1,4,3,34,1,own,1,2,2,1,1
Bad,No checking,6,2,car (used),1236,3,3,2,3,1,4,2,50,3,rent,1,3,1,1,1
Bad,No checking,36,3,furniture/equipment,7678,3,4,2,2,1,4,3,40,3,own,2,3,1,2,1
Bad,No checking,6,2,repairs,660,3,4,2,4,1,4,1,23,3,rent,1,2,1,1,1
Bad,No checking,24,2,furniture/equipment,2835,3,5,3,3,1,4,2,53,3,own,1,3,1,1,1
Bad,No checking,24,2,car (used),2670,1,5,4,3,1,4,3,35,3,own,1,4,1,2,1
Bad,No checking,12,1,retraining,3447,3,3,4,2,1,3,1,35,3,own,1,2,2,1,1
Bad,No checking,15,2,radio/television,3568,1,5,4,2,1,2,3,54,1,rent,1,4,1,2,1
Bad,< 200,21,4,business,3652,1,4,2,3,1,3,2,27,3,own,2,3,1,1,1
Bad,< 0,24,2,radio/television,3660,1,3,2,2,1,4,3,28,3,own,1,3,1,1,1
Bad,>= 200,9,2,radio/television,1126,2,5,2,1,1,4,1,49,3,own,1,3,1,1,1
Bad,>= 200,6,3,radio/television,683,1,2,2,2,1,1,2,29,1,own,1,3,1,1,1
Bad,>= 200,12,2,furniture/equipment,2251,1,3,1,2,1,2,3,46,3,own,1,2,1,1,1
Bad,No checking,12,2,car (used),4675,5,2,1,2,1,4,3,20,3,rent,1,3,1,1,1
Bad,< 200,21,3,car (new),2353,1,3,1,1,1,4,2,47,3,own,2,3,1,1,1
Bad,< 0,21,2,radio/television,3357,4,2,4,2,1,2,3,29,1,own,1,3,1,1,1
Bad,No checking,6,2,car (new),672,1,1,1,2,1,4,1,54,3,own,1,1,1,2,1
Bad,< 0,6,4,radio/television,338,3,5,4,3,1,4,3,52,3,own,2,3,1,1,1
Bad,No checking,9,2,radio/television,2697,1,3,1,3,1,2,1,32,3,own,1,3,2,1,1
Bad,No checking,9,2,car (new),2507,3,5,2,3,1,4,4,51,3,for free,1,2,1,1,1
Bad,No checking,15,3,radio/television,1478,1,3,4,4,1,3,1,33,1,own,2,3,1,1,1
Bad,No checking,12,4,education,3565,5,2,2,3,1,1,2,37,3,own,2,2,2,1,1
Bad,No checking,15,2,furniture/equipment,2221,3,3,2,2,1,4,3,20,3,rent,1,3,1,1,1
Bad,No checking,6,4,radio/television,1898,5,3,1,3,1,2,1,34,3,own,2,2,2,1,1
Bad,< 200,6,3,business,1449,2,5,1,1,1,2,3,31,1,own,2,3,2,1,1
Bad,No checking,15,3,furniture/equipment,960,4,4,3,2,1,2,2,30,3,own,2,3,1,1,1
Bad,No checking,36,2,car (used),8133,1,3,1,2,1,2,2,30,1,own,1,3,1,1,1
Bad,No checking,9,2,furniture/equipment,2301,2,2,2,2,1,4,2,22,3,rent,1,3,1,1,1
Bad,No checking,6,3,business,1743,2,3,1,3,1,2,1,34,3,own,2,2,1,1,1
Bad,< 200,12,2,furniture/equipment,983,4,2,1,2,1,4,1,19,3,rent,1,2,1,1,1
Bad,No checking,18,3,radio/television,2320,1,1,2,4,1,3,1,34,3,own,2,3,1,1,1
Bad,< 0,12,1,retraining,339,1,5,4,4,1,1,3,45,1,own,1,2,1,1,1
Bad,>= 200,24,2,radio/television,5152,1,4,4,3,1,2,3,25,1,own,1,3,1,1,1
Bad,>= 200,24,2,furniture/equipment,3749,1,2,2,2,1,4,3,26,3,own,1,3,1,1,1
Bad,No checking,9,4,radio/television,3074,5,3,1,3,1,2,1,33,3,own,2,3,2,1,1
Good,>= 200,9,2,radio/television,745,1,3,3,2,1,2,1,28,3,own,1,2,1,1,1
Bad,No checking,24,2,car (new),1469,2,5,4,4,1,4,1,41,3,rent,1,2,1,1,1
Bad,< 0,6,2,furniture/equipment,1374,1,3,1,3,1,2,1,36,1,own,1,2,1,2,1
Bad,No checking,6,1,car (new),783,5,3,1,3,3,2,1,26,2,own,1,2,2,1,1
Bad,< 0,21,2,radio/television,2606,1,2,4,2,1,4,2,28,3,rent,1,4,1,2,1
Bad,No checking,54,0,car (used),9436,5,3,2,3,1,2,2,39,3,own,1,2,2,1,1
Bad,No checking,12,4,radio/television,930,5,5,4,3,1,4,1,65,3,own,4,3,1,1,1
Bad,No checking,48,4,car (used),2751,5,5,4,3,1,3,3,38,3,own,2,3,2,2,1
Bad,No checking,6,4,car (new),250,4,3,2,2,1,2,1,41,1,own,2,2,1,1,1
Bad,< 200,24,2,car (new),1201,1,2,4,3,1,1,2,26,3,own,1,3,1,1,1
Bad,< 0,6,2,car (new),662,1,2,3,3,1,4,1,41,3,own,1,2,2,2,1
Bad,No checking,15,2,car (used),1300,5,5,4,3,1,4,4,45,1,for free,1,3,2,1,1
Bad,No checking,24,1,business,1559,1,4,4,3,1,4,3,40,1,own,1,3,1,2,1
Bad,>= 200,12,2,radio/television,3016,1,3,3,4,1,1,3,24,3,own,1,3,1,1,1
Bad,No checking,15,4,radio/television,1360,1,3,4,3,1,2,2,31,3,own,2,3,1,1,1
Bad,No checking,6,0,car (new),1204,2,3,4,3,1,1,4,35,1,rent,1,3,1,1,2
Bad,No checking,10,2,car (new),1597,3,3,3,3,1,2,4,40,3,rent,1,2,2,1,2
Bad,No checking,12,2,radio/television,2073,2,3,4,2,2,2,1,28,3,own,1,3,1,1,1
Bad,No checking,11,2,business,2142,4,5,1,1,1,2,1,28,3,own,1,3,1,2,1
Bad,< 0,10,4,furniture/equipment,2132,5,2,2,2,2,3,1,27,3,rent,2,3,1,1,2
Bad,No checking,10,2,car (new),1546,1,3,3,3,1,2,1,31,3,own,1,2,2,1,2
Bad,No checking,24,4,car (new),1287,4,5,4,2,1,4,1,37,3,own,2,3,1,2,1
Bad,No checking,10,2,car (new),1418,2,3,3,3,1,2,1,35,3,rent,1,2,1,1,2
Bad,>= 200,6,4,car (new),1343,1,5,1,3,1,4,1,46,3,own,2,3,2,1,2
Bad,No checking,18,2,car (new),2662,5,4,4,3,1,3,2,32,3,own,1,3,1,1,2
Bad,No checking,18,4,radio/television,6070,1,5,3,3,1,4,3,33,3,own,2,3,1,2,1
Bad,No checking,24,4,education,1927,5,3,3,2,1,2,3,33,3,own,2,3,1,2,1
Bad,No checking,18,4,radio/television,2404,1,3,2,2,1,2,3,26,3,own,2,3,1,1,1
Bad,No checking,6,4,radio/television,1554,1,4,1,2,1,2,3,24,3,rent,2,3,1,2,1
Bad,No checking,22,2,car (new),1283,5,4,4,2,1,4,2,25,3,rent,1,3,1,1,1
Bad,No checking,24,3,car (new),717,5,5,4,4,1,4,3,54,3,own,2,3,1,2,1
Bad,< 0,24,2,furniture/equipment,1747,1,2,4,3,2,1,2,24,3,own,1,2,1,1,2
Bad,< 0,9,4,repairs,1288,2,5,3,3,3,4,1,48,3,own,2,3,2,1,2
Bad,< 0,10,4,car (new),1038,1,4,4,3,2,3,2,49,3,own,2,3,1,2,1
Bad,No checking,10,2,car (used),2848,2,3,1,3,2,2,1,32,3,own,1,3,2,1,1
Bad,No checking,12,2,car (used),1413,4,4,3,3,1,2,2,55,3,own,1,3,1,1,2
Bad,No checking,30,4,radio/television,3077,5,5,3,3,1,2,3,40,3,own,2,3,2,2,1
Bad,< 0,24,1,car (used),3632,1,3,1,2,3,4,3,22,1,rent,1,3,1,1,2
Bad,No checking,18,4,car (used),3229,5,1,2,3,1,4,4,38,3,own,1,4,1,2,1
Bad,No checking,9,2,car (new),3577,2,3,1,3,3,2,1,26,3,rent,1,3,2,1,2
Bad,No checking,12,4,car (new),682,2,4,4,2,1,3,3,51,3,own,2,3,1,2,1
Bad,No checking,10,2,radio/television,1924,1,3,1,3,1,4,2,38,3,own,1,3,1,2,2
Bad,No checking,10,2,education,727,3,5,4,3,1,4,4,46,3,for free,1,3,1,2,1
Bad,>= 200,10,4,car (new),781,1,5,4,3,1,4,4,63,3,for free,2,3,1,2,1
Bad,< 0,12,4,car (new),2121,1,3,4,3,1,2,2,30,3,own,2,3,1,1,1
Bad,No checking,12,4,education,701,1,3,4,3,1,2,3,32,3,own,2,3,1,1,1
Bad,No checking,10,4,furniture/equipment,2069,5,3,2,4,1,1,3,26,3,own,2,3,1,1,2
Bad,No checking,24,2,car (new),1525,4,4,4,2,1,3,3,34,3,own,1,3,2,2,1
Bad,No checking,48,4,business,7629,5,5,4,1,1,2,3,46,1,own,2,4,2,1,1
Good,< 0,12,4,car (new),3499,1,3,3,2,2,2,1,29,3,own,2,3,1,1,1
Bad,No checking,6,2,radio/television,1346,2,5,2,3,1,4,4,42,1,for free,1,3,2,2,1
Bad,No checking,36,4,car (used),10477,5,5,2,3,1,4,4,42,3,for free,2,3,1,1,1
Bad,< 0,24,2,car (used),2924,1,3,3,3,3,4,4,63,1,own,1,3,2,2,1
Bad,No checking,10,4,car (new),1231,1,5,3,3,1,4,1,32,3,own,2,2,2,1,2
Bad,>= 200,18,2,car (new),1961,1,5,3,2,1,2,3,23,3,own,1,4,1,1,1
Bad,No checking,15,4,car (new),5045,5,5,1,2,1,4,3,59,3,own,1,3,1,2,1
Bad,No checking,12,4,car (new),1255,1,5,4,3,1,4,1,61,3,own,2,2,1,1,1
Bad,< 0,12,2,furniture/equipment,1858,1,2,4,2,1,1,3,22,3,rent,1,3,1,1,1
Bad,No checking,6,4,furniture/equipment,1221,5,3,1,4,1,2,2,27,3,own,2,3,1,1,1
Bad,No checking,9,2,furniture/equipment,1388,1,3,4,2,1,2,1,26,3,rent,1,3,1,1,1
Bad,No checking,12,2,radio/television,2279,5,3,4,3,1,4,4,37,3,for free,1,3,1,2,1
Bad,No checking,12,0,furniture/equipment,2759,1,5,2,3,1,4,2,34,3,own,2,3,1,1,1
Bad,>= 200,24,2,radio/television,1258,3,3,3,2,1,3,3,57,3,own,1,2,1,1,1
Bad,< 200,12,0,retraining,1410,1,3,2,3,1,2,1,31,3,own,1,2,1,2,1
Bad,< 0,15,2,car (new),1403,1,3,2,2,1,4,3,28,3,rent,1,3,1,1,1
Bad,< 0,24,2,furniture/equipment,3021,1,3,2,1,1,2,1,24,3,rent,1,2,1,1,1
Bad,< 0,24,2,business,6568,1,3,2,4,1,2,3,21,2,own,1,2,1,1,1
Bad,No checking,24,4,radio/television,2578,4,5,2,3,1,2,3,34,3,own,1,3,1,1,1
Bad,< 200,24,4,car (used),7758,4,5,2,2,1,4,4,29,3,rent,1,3,1,1,1
Bad,< 0,6,2,domestic appliances,343,1,2,4,2,1,1,1,27,3,own,1,3,1,1,1
Bad,No checking,21,3,furniture/equipment,1591,2,4,4,3,1,3,1,34,3,own,2,4,1,1,1
Bad,< 0,27,2,radio/television,3416,1,3,3,3,1,2,3,27,3,own,1,4,1,1,1
Good,< 0,12,0,repairs,1108,1,4,4,3,1,3,1,28,3,own,2,3,1,1,1
Bad,< 200,27,3,car (used),5965,1,5,1,3,1,2,3,30,3,own,2,4,1,2,1
Bad,< 200,15,2,repairs,1514,2,3,4,3,3,2,1,22,3,own,1,3,1,1,1
Bad,No checking,30,4,radio/television,6742,5,4,2,3,1,3,2,36,3,own,2,3,1,1,1
Bad,< 0,18,2,furniture/equipment,3650,1,2,1,2,1,4,3,22,3,rent,1,3,1,1,1
Bad,< 0,21,2,furniture/equipment,3599,1,4,1,2,1,4,3,26,3,rent,1,2,1,1,1
Bad,No checking,60,4,car (new),13756,5,5,2,3,1,4,4,63,1,for free,1,4,1,2,1
Bad,< 200,9,2,car (new),276,1,3,4,4,1,4,1,22,3,rent,1,2,1,1,1
Bad,No checking,42,4,furniture/equipment,4041,3,3,4,3,1,4,1,36,3,own,2,3,1,2,1
Bad,< 200,9,2,radio/television,458,1,3,4,3,1,3,1,24,3,own,1,3,1,1,1
Good,< 200,9,2,furniture/equipment,918,1,3,4,2,1,1,2,30,3,own,1,3,1,1,1
Bad,No checking,24,2,car (new),7393,1,3,1,3,1,4,2,43,3,own,1,2,2,1,1
Bad,>= 200,10,2,domestic appliances,1225,1,3,2,3,1,2,3,37,3,own,1,3,1,2,1
Bad,< 0,24,2,car (used),2812,5,5,2,2,1,4,1,26,3,rent,1,3,1,1,1
Bad,No checking,15,2,car (used),3029,1,4,2,3,1,2,3,33,3,own,1,3,1,1,1
Bad,>= 200,12,4,car (new),1480,3,1,2,3,1,4,4,66,1,for free,3,1,1,1,1
Bad,>= 200,6,4,education,1047,1,3,2,2,1,4,2,50,3,own,1,2,1,1,1
Bad,No checking,15,4,radio/television,1471,1,3,4,3,1,4,4,35,3,for free,2,3,1,2,1
Bad,No checking,24,2,furniture/equipment,5511,2,3,4,3,1,1,3,25,2,own,1,3,1,1,1
Bad,< 200,9,2,radio/television,1206,1,5,4,2,1,4,1,25,3,own,1,3,1,1,1
Bad,< 200,24,3,radio/television,6403,1,2,1,3,1,2,3,33,3,own,1,3,1,1,1
Bad,No checking,12,2,radio/television,707,1,3,4,3,1,2,1,30,1,own,2,3,1,1,1
Bad,No checking,12,3,car (used),1503,1,3,4,4,1,4,1,41,3,rent,1,3,1,1,1
Bad,< 200,12,2,car (new),6078,1,4,2,3,1,2,3,32,3,own,1,3,1,1,1
Bad,< 200,27,2,business,2528,1,2,4,2,1,1,2,32,3,own,1,3,2,2,1
Bad,< 200,12,2,business,1037,2,4,3,3,1,4,1,39,3,own,1,2,1,1,1
Bad,< 0,6,2,car (used),1352,3,1,1,2,1,2,2,23,3,rent,1,1,1,2,1
Bad,No checking,24,2,radio/television,3181,1,2,4,2,1,4,2,26,3,own,1,3,1,2,1
Bad,No checking,18,2,radio/television,4594,1,2,3,3,1,2,3,32,3,own,1,3,1,2,1
Bad,< 200,48,2,car(new),5381,5,1,3,3,1,4,4,40,1,for free,1,1,1,2,1
Bad,No checking,15,2,car (used),4657,1,3,3,3,1,2,3,30,3,own,1,3,1,2,1
Bad,< 200,9,2,business,1391,1,3,2,4,1,1,1,27,1,own,1,3,1,2,1
Bad,< 200,18,2,business,1913,4,2,3,4,1,3,1,36,1,own,1,3,1,2,1
Bad,No checking,42,2,radio/television,7166,5,4,2,4,1,4,2,29,3,rent,1,3,1,2,1
Bad,No checking,13,2,radio/television,1409,2,1,2,2,1,4,1,64,3,own,1,3,1,1,1
Bad,No checking,24,3,business,2978,5,3,4,3,1,4,1,32,3,own,2,3,2,2,1
Bad,No checking,12,4,radio/television,976,5,5,4,3,1,4,3,35,3,own,2,3,1,1,1
Bad,No checking,24,3,business,2375,3,3,4,3,1,2,3,44,3,own,2,3,2,2,1
Bad,No checking,12,4,radio/television,522,3,5,4,3,1,4,2,42,3,own,2,3,2,2,1
Bad,No checking,28,4,radio/television,2743,1,5,4,3,1,2,3,29,3,own,2,3,1,1,1
Bad,No checking,11,4,radio/television,1154,2,1,4,2,1,4,1,57,3,own,3,2,1,1,1
Bad,No checking,24,4,car (used),5804,4,3,4,3,1,2,1,27,3,own,2,3,1,1,1
Bad,No checking,18,4,radio/television,1169,5,3,4,3,1,3,2,29,3,own,2,3,1,2,1
Bad,< 0,15,4,furniture/equipment,1478,1,5,4,3,1,4,3,44,3,own,2,3,2,2,1
Bad,No checking,12,2,radio/television,776,1,3,4,4,1,2,1,28,3,own,1,3,1,1,1
Bad,< 200,11,4,car (new),1322,4,3,4,2,1,4,3,40,3,own,2,3,1,1,1
Bad,< 200,16,4,car (new),1175,1,1,2,3,1,3,3,68,3,for free,3,1,1,2,1
Bad,No checking,12,2,car (new),2133,5,5,4,2,1,4,4,52,3,for free,1,4,1,2,1
Bad,No checking,15,4,radio/television,1829,1,5,4,3,1,4,3,46,3,own,2,3,1,2,1
Bad,No checking,12,4,radio/television,717,1,5,4,3,1,4,1,52,3,own,3,3,1,1,1
Bad,< 200,39,3,education,11760,2,4,2,3,1,3,4,32,3,rent,1,3,1,2,1
Good,< 200,9,4,education,1501,1,5,2,2,1,3,3,34,3,own,2,4,1,2,1
Bad,< 0,12,2,education,1200,5,3,4,2,1,4,2,23,1,rent,1,3,1,2,1
Bad,< 200,9,2,car (new),3195,5,3,1,2,1,2,1,33,3,own,1,2,1,1,1
Bad,No checking,30,4,radio/television,4530,1,4,4,2,1,4,3,26,3,rent,1,4,1,2,1
Good,No checking,12,3,repairs,1555,4,5,4,3,1,4,4,55,3,for free,2,3,2,1,1
Bad,< 200,15,4,business,2326,3,3,2,3,1,4,3,27,1,own,1,3,1,1,1
Bad,< 200,18,4,business,1887,5,3,4,4,1,4,1,28,1,own,2,3,1,1,1
Bad,No checking,12,4,business,1264,5,5,4,3,1,4,4,57,3,rent,1,2,1,1,1
Bad,No checking,7,3,radio/television,846,5,5,3,3,1,4,4,36,3,for free,1,3,1,1,1
Bad,No checking,15,4,education,1532,2,3,4,2,1,3,3,31,3,own,1,3,1,1,1
Bad,No checking,6,3,radio/television,935,1,3,3,2,1,2,1,24,3,own,1,3,1,1,1
Bad,< 0,27,4,business,2442,1,5,4,3,1,4,3,43,2,own,4,4,2,2,1
Bad,< 200,18,4,business,3590,1,1,3,4,1,3,3,40,3,own,3,1,2,2,1
Bad,No checking,21,4,furniture/equipment,2288,1,2,4,2,1,4,2,23,3,own,1,3,1,2,1
Bad,No checking,27,3,business,5117,1,4,3,3,1,4,3,26,3,own,2,3,1,1,1
Bad,< 0,39,4,furniture/equipment,14179,5,4,4,3,1,4,2,30,3,own,2,4,1,2,1
Bad,No checking,15,2,radio/television,1386,5,3,4,4,1,2,1,40,3,rent,1,3,1,2,1
Bad,No checking,12,4,radio/television,618,1,5,4,3,1,4,1,56,3,own,1,3,1,1,1
Bad,No checking,12,2,furniture/equipment,1574,1,3,4,3,1,2,1,50,3,own,1,3,1,1,1
Bad,No checking,6,4,radio/television,700,5,5,4,3,1,4,4,36,3,for free,2,3,1,1,1
Bad,No checking,12,2,radio/television,886,5,3,4,2,1,2,3,21,3,own,1,3,1,1,1
Bad,No checking,36,2,car (used),4686,1,3,2,3,1,2,4,32,3,for free,1,4,1,2,1
Bad,< 200,9,2,radio/television,790,3,3,4,2,1,3,1,66,3,own,1,2,1,1,1
Good,< 200,12,2,radio/television,766,3,3,4,3,1,3,1,66,3,own,1,2,1,1,1
Bad,< 0,20,2,furniture/equipment,2212,5,4,4,3,1,4,3,39,3,own,1,3,1,2,1
Bad,< 200,10,2,car (new),7308,1,1,2,3,1,4,4,70,1,for free,1,4,1,2,1
Bad,< 200,24,4,education,5743,1,2,2,2,1,4,4,24,3,for free,2,3,1,2,1
Bad,< 0,14,2,car (new),3973,1,1,1,3,1,4,4,22,3,for free,1,3,1,1,1
Bad,< 200,60,3,radio/television,7418,5,3,1,3,1,1,1,27,3,own,1,2,1,1,1
Bad,< 200,20,3,car(new),2629,1,3,2,3,1,3,3,29,1,own,2,3,1,2,1
Bad,< 200,18,2,business,1941,4,3,4,3,1,2,2,35,3,own,1,2,1,2,1
Bad,< 200,24,3,furniture/equipment,2333,5,2,4,3,1,2,2,29,1,own,1,2,1,1,1
Bad,No checking,12,2,car (used),2445,5,2,2,4,1,4,3,26,3,rent,1,3,1,2,1
Bad,< 200,20,2,car (used),6468,5,1,1,1,1,4,1,60,3,own,1,4,1,2,1
Bad,< 200,18,4,furniture/equipment,7374,1,1,4,3,1,4,2,40,2,own,2,4,1,2,1
Bad,No checking,15,2,car (used),3812,2,2,1,2,1,4,3,23,3,own,1,3,1,2,1
Good,< 0,28,2,car (new),4006,1,3,3,3,1,2,3,45,3,own,1,2,1,1,1
Bad,< 200,12,2,car (new),7472,5,1,1,2,1,2,1,24,3,rent,1,1,1,1,1
Bad,>= 200,12,2,furniture/equipment,1424,5,5,3,2,1,4,1,55,3,own,1,4,1,2,1
Bad,< 200,12,2,car (used),2028,5,3,4,3,1,2,3,30,3,own,1,3,1,1,1
Bad,No checking,15,2,car (new),5324,3,5,1,2,1,4,4,35,3,for free,1,3,1,1,1
Bad,< 200,36,2,radio/television,2323,1,4,4,3,1,4,3,24,3,rent,1,3,1,1,1
Bad,No checking,12,2,education,1393,1,5,4,3,1,4,2,47,1,own,3,3,2,2,1
Bad,No checking,18,2,furniture/equipment,1984,1,3,4,3,1,4,4,47,1,for free,2,3,1,1,1
Bad,No checking,24,2,radio/television,999,5,5,4,3,1,2,3,25,3,own,2,3,1,1,1
Bad,No checking,36,2,business,7409,5,5,3,3,1,2,2,37,3,own,2,3,1,1,1
Bad,No checking,15,2,furniture/equipment,2186,5,4,1,2,1,4,1,33,1,rent,1,2,1,1,1
Bad,>= 200,36,2,radio/television,4473,1,5,4,3,1,2,3,31,3,own,1,3,1,1,1
Bad,No checking,24,2,retraining,937,1,2,4,4,1,3,3,27,3,own,2,2,1,1,1
Bad,No checking,18,2,furniture/equipment,3422,1,5,4,3,1,4,2,47,1,own,3,3,2,2,1
Bad,No checking,24,2,radio/television,3105,5,2,4,3,1,2,3,25,3,own,2,3,1,1,1
Bad,No checking,12,4,education,2748,1,5,2,2,1,4,4,57,1,for free,3,2,1,1,1
Bad,< 200,18,2,repairs,3872,1,1,2,2,1,4,3,67,3,own,1,3,1,2,1
Bad,No checking,27,2,repairs,5190,5,5,4,3,1,4,2,48,3,own,4,3,2,2,1
Bad,< 200,18,2,furniture/equipment,3001,1,4,2,2,1,4,1,40,3,rent,1,3,1,1,1
Bad,No checking,24,3,business,3863,1,3,1,3,1,2,4,32,3,for free,1,3,1,1,1
Bad,No checking,12,4,furniture/equipment,5801,5,5,2,3,1,4,2,49,3,rent,1,3,1,2,2
Bad,No checking,12,4,furniture/equipment,1592,4,4,3,2,1,2,2,35,3,own,1,3,1,1,1
Bad,No checking,12,4,business,1185,1,3,3,2,1,2,1,27,3,own,2,3,1,1,1
Bad,No checking,18,4,furniture/equipment,3780,1,2,3,1,1,2,3,35,3,own,2,4,1,2,1
Bad,< 200,18,4,furniture/equipment,3612,1,5,3,2,1,4,2,37,3,own,1,3,1,2,2
Bad,No checking,12,2,business,1076,1,3,2,4,1,2,1,26,3,own,1,3,1,2,1
Bad,No checking,12,2,car (new),3527,5,2,2,3,1,3,2,45,3,own,1,4,2,2,1
Bad,No checking,18,2,radio/television,2051,1,2,4,3,1,1,1,33,3,own,1,3,1,1,1
Bad,No checking,12,4,furniture/equipment,3331,1,5,2,3,1,4,2,42,2,own,1,3,1,1,1
Bad,< 0,18,0,business,3104,1,4,3,3,1,1,2,31,1,own,1,3,1,2,1
Bad,No checking,24,4,radio/television,2611,1,5,4,4,2,3,1,46,3,own,2,3,1,1,1
Bad,< 0,12,4,car (used),1409,1,5,4,3,1,3,1,54,3,own,1,3,1,1,1
Bad,No checking,24,2,radio/television,1311,2,4,4,4,1,3,2,26,3,own,1,3,1,2,1
Bad,No checking,6,2,radio/television,2108,1,4,2,4,1,2,1,29,3,rent,1,3,1,1,1
Bad,No checking,24,4,car (used),4042,5,4,3,3,1,4,2,43,3,own,2,3,1,2,1
Bad,No checking,12,4,car (new),926,1,1,1,2,1,2,2,38,3,own,1,1,1,1,1
Bad,< 0,12,2,radio/television,1680,3,5,3,4,1,1,1,35,3,own,1,3,1,1,1
Bad,No checking,24,2,car (new),1249,1,2,4,4,1,2,1,28,3,own,1,3,1,1,1
Bad,No checking,24,4,car (new),2463,2,4,4,4,1,3,2,27,3,own,2,3,1,2,1
Bad,No checking,6,2,radio/television,1595,1,4,3,3,1,2,2,51,3,own,1,3,2,1,1
Bad,No checking,24,4,repairs,2058,1,3,4,1,1,2,1,33,3,own,2,3,1,2,1
Bad,No checking,24,2,car (used),7814,1,4,3,3,1,3,3,38,3,own,1,4,1,2,1
Bad,No checking,6,4,radio/television,1740,1,5,2,4,1,2,1,30,3,rent,2,3,1,1,1
Bad,No checking,12,4,radio/television,1240,5,5,4,2,1,2,1,38,3,own,2,3,1,2,1
Bad,No checking,24,4,car (used),6842,5,3,2,3,1,4,2,46,3,own,2,4,2,2,1
Bad,No checking,24,4,furniture/equipment,5150,1,5,4,3,1,4,3,33,3,own,1,3,1,2,1
Bad,< 0,6,2,car (new),1203,2,5,3,3,1,2,2,43,3,own,1,3,1,2,1
Bad,No checking,6,4,car (new),2080,3,3,1,4,1,2,3,24,3,own,1,3,1,1,1
Bad,No checking,6,2,education,1538,1,2,1,2,1,2,4,56,3,own,1,3,1,1,1
Bad,< 200,24,4,car (new),3878,2,2,4,1,1,2,3,37,3,own,1,3,1,2,1
Bad,< 200,30,2,furniture/equipment,3832,1,2,2,4,1,1,2,22,3,own,1,3,1,1,1
Bad,No checking,15,2,car (new),3186,4,4,2,2,1,3,3,20,3,rent,1,3,1,1,1
Bad,< 200,24,2,radio/television,2896,2,2,2,3,1,1,3,29,3,own,1,3,1,1,1
Bad,< 200,24,3,business,6967,2,4,4,3,1,4,3,36,3,rent,1,4,1,2,1
Good,No checking,36,2,education,1819,1,3,4,3,1,4,4,37,2,for free,1,3,1,2,1
Good,No checking,24,2,radio/television,5943,5,2,1,2,1,1,3,44,3,own,2,3,1,2,1
Good,No checking,36,4,furniture/equipment,7127,1,2,2,2,1,4,2,23,3,rent,2,3,1,2,1
Good,No checking,36,2,furniture/equipment,3349,1,3,4,2,1,2,3,28,3,own,1,4,1,2,1
Good,No checking,36,2,furniture/equipment,10974,1,1,4,2,1,2,3,26,3,own,2,4,1,2,1
Bad,No checking,6,2,radio/television,518,1,3,3,2,1,1,1,29,3,own,1,3,1,1,1
Bad,No checking,18,2,radio/television,1126,5,2,4,2,1,2,1,21,3,rent,1,3,1,2,1
Bad,< 200,12,4,car (used),1860,1,1,4,3,1,2,3,34,3,own,2,4,1,2,1
Bad,No checking,36,4,radio/television,9566,1,3,2,2,1,2,3,31,2,own,2,3,1,1,1
Bad,< 0,12,2,radio/television,701,1,3,4,4,1,2,1,40,3,own,1,2,1,1,1
Bad,< 200,12,2,radio/television,2930,1,4,2,2,1,1,1,27,3,own,1,3,1,1,1
Bad,No checking,18,2,radio/television,1505,1,3,4,3,1,2,4,32,3,for free,1,4,1,2,1
Bad,No checking,18,4,radio/television,2238,1,3,2,2,1,1,3,25,3,own,2,3,1,1,1
Bad,No checking,4,4,radio/television,1503,1,4,2,3,1,1,1,42,3,own,2,2,2,1,1
Bad,No checking,24,4,car (used),2197,5,4,4,3,1,4,3,43,3,own,2,3,2,2,1
Bad,>= 200,12,2,radio/television,1881,1,3,2,2,1,2,3,44,3,rent,1,2,1,2,1
Bad,< 0,18,4,radio/television,1880,1,4,4,4,1,1,2,32,3,own,2,4,1,2,1
Bad,< 0,18,2,radio/television,2389,1,2,4,2,1,1,3,27,2,own,1,3,1,1,1
Bad,< 200,24,2,radio/television,1967,1,5,4,2,1,4,3,20,3,own,1,3,1,2,1
Bad,No checking,4,4,car (new),3380,1,4,1,2,1,1,1,37,3,own,1,3,2,1,1
Bad,No checking,4,4,car (new),1455,1,4,2,3,1,1,1,42,3,own,3,2,2,1,1
Bad,No checking,7,4,radio/television,730,5,5,4,3,1,2,2,46,3,rent,2,2,1,2,1
Bad,< 200,18,0,furniture/equipment,3244,1,3,1,2,1,4,3,33,1,own,2,3,1,2,1
Good,< 200,9,2,radio/television,1670,1,2,4,2,1,2,3,22,3,own,1,3,1,2,1
Bad,< 200,48,2,radio/television,3979,5,4,4,3,1,1,3,41,3,own,2,3,2,2,1
Good,< 200,12,2,furniture/equipment,1922,1,3,4,3,1,2,2,37,3,own,1,2,1,1,1
Bad,< 200,18,4,furniture/equipment,1295,1,2,4,2,1,1,2,27,3,own,2,3,1,1,1
Bad,No checking,4,4,radio/television,1544,1,4,2,3,1,1,1,42,3,own,3,2,2,1,1
Bad,< 200,8,2,business,907,1,2,3,4,1,2,1,26,3,own,1,3,1,2,1
Bad,< 200,30,2,radio/television,1715,5,3,4,2,1,1,3,26,3,own,1,3,1,1,1
Bad,>= 200,10,4,radio/television,1347,5,4,4,3,1,2,2,27,3,own,2,3,1,2,1
Bad,< 200,12,2,car (new),1007,4,3,4,4,1,1,1,22,3,own,1,3,1,1,1
Bad,No checking,12,4,furniture/equipment,1402,3,4,3,2,1,4,3,37,3,rent,1,3,1,2,1
Bad,< 200,12,2,car (new),2002,1,4,3,3,1,4,2,30,3,rent,1,3,2,2,1
Bad,No checking,12,4,education,2096,1,4,2,3,1,3,1,49,3,own,1,2,2,1,1
Bad,No checking,12,2,car (new),1101,1,3,3,4,1,2,1,27,3,own,2,3,1,2,1
Bad,No checking,10,2,retraining,894,5,4,4,2,1,3,2,40,3,own,1,3,1,2,1
Bad,< 200,11,2,furniture/equipment,1577,4,2,4,2,1,1,1,20,3,own,1,3,1,1,1
Bad,No checking,33,3,business,2764,1,3,2,2,1,2,3,26,3,own,2,3,1,2,1
Bad,< 200,48,0,car (new),8358,3,2,1,2,1,1,3,30,3,own,2,3,1,1,1
Bad,>= 200,12,2,furniture/equipment,1474,1,2,4,2,1,1,2,33,1,own,1,4,1,2,1
Bad,No checking,24,2,car (used),5433,5,1,2,2,1,4,2,26,3,rent,1,4,1,2,1
Bad,< 200,14,2,business,1410,3,5,1,4,1,2,1,35,3,own,1,3,1,2,1
Bad,No checking,20,4,car (new),3485,5,2,2,1,1,4,1,44,3,own,2,3,1,2,1
Bad,No checking,18,4,car (used),3850,1,4,3,3,1,1,3,27,3,own,2,3,1,1,1
Good,< 200,60,2,car (new),7408,2,2,4,2,1,2,2,24,3,own,1,4,1,1,1
Bad,>= 200,24,2,radio/television,1377,2,5,4,2,1,2,4,47,3,for free,1,3,1,2,1
Bad,No checking,30,3,business,4272,2,3,2,3,1,2,2,26,3,own,2,2,1,1,1
Bad,< 200,24,3,radio/television,1553,2,4,3,2,1,2,2,23,3,rent,2,3,1,2,1
Bad,< 200,36,3,business,9857,2,4,1,3,1,3,2,31,3,own,2,2,2,2,1
Bad,No checking,6,4,car (new),362,2,3,4,2,1,4,3,52,3,own,2,2,1,1,1
Bad,No checking,12,4,furniture/equipment,1935,1,5,4,3,1,4,1,43,3,own,3,3,1,2,1
Bad,No checking,48,2,radio/television,10222,5,4,4,3,1,3,3,37,2,own,1,3,1,2,1
Bad,>= 200,12,2,car (new),1330,1,2,4,3,1,1,1,26,3,own,1,3,1,1,1
Bad,No checking,36,2,education,9055,5,3,2,3,1,4,4,35,3,for free,1,2,2,2,1
Bad,< 200,26,2,car (used),7966,1,2,2,3,1,3,3,30,3,own,2,3,1,1,1
Bad,< 200,30,1,furniture/equipment,3496,4,3,4,3,1,2,3,34,2,own,1,3,2,2,1
Bad,< 200,36,2,car (used),6948,1,3,2,3,1,2,3,35,3,rent,1,4,1,2,1
Bad,< 200,48,0,business,12204,5,3,2,3,1,2,3,48,1,own,1,4,1,2,1
Good,< 0,36,2,furniture/equipment,3446,1,5,4,3,1,2,3,42,3,own,1,3,2,1,1
Good,< 0,12,2,education,684,1,3,4,3,1,4,3,40,3,rent,1,2,2,1,1
Good,< 0,33,4,furniture/equipment,4281,3,3,1,2,1,4,3,23,3,own,2,3,1,1,1
Good,< 0,42,2,radio/television,7174,5,4,4,2,1,3,3,30,3,own,1,4,1,2,1
Good,< 0,24,1,radio/television,1546,1,4,4,3,3,4,3,24,1,rent,1,2,1,1,1
Good,< 0,24,2,furniture/equipment,2359,2,1,1,1,1,1,2,33,3,own,1,3,1,1,1
Good,No checking,24,2,radio/television,3621,2,5,2,3,1,4,3,31,3,own,2,3,1,1,1
Good,< 0,12,2,domestic appliances,741,2,1,4,2,1,3,2,22,3,own,1,3,1,1,1
Good,< 0,12,2,furniture/equipment,7865,1,5,4,3,1,4,4,53,3,for free,1,4,1,2,1
Bad,< 0,24,2,car (used),2910,1,4,2,3,1,1,4,34,3,for free,1,4,1,2,1
Bad,< 0,18,4,car (new),5302,1,5,2,3,1,4,4,36,3,for free,3,4,1,2,1
Bad,< 0,36,2,furniture/equipment,3620,1,3,1,3,3,2,2,37,3,own,1,3,2,1,1
Bad,< 0,18,2,radio/television,3509,1,4,4,2,3,1,1,25,3,own,1,3,1,1,1
Bad,< 200,12,2,furniture/equipment,3017,1,2,3,2,1,1,1,34,3,rent,1,4,1,1,1
Bad,< 0,12,2,furniture/equipment,1657,1,3,2,3,1,2,1,27,3,own,1,3,1,1,1
Bad,< 0,8,4,car(new),1164,1,5,3,3,1,4,4,51,1,for free,2,4,2,2,1
Good,< 0,36,4,furniture/equipment,6229,1,2,4,2,2,4,4,23,3,rent,2,2,1,2,1
Good,< 0,24,1,car (new),1193,1,1,1,2,2,4,4,29,3,rent,2,1,1,1,1
Bad,< 0,30,0,furniture/equipment,4583,1,3,2,1,3,2,1,32,3,own,2,3,1,1,1
Bad,< 0,36,4,furniture/equipment,5371,1,3,3,3,3,2,2,28,3,own,2,3,1,1,1
Bad,< 0,12,2,furniture/equipment,708,1,3,2,3,3,3,2,38,3,own,1,2,2,1,1
Bad,< 0,21,4,car (new),571,1,5,4,3,1,4,1,65,3,own,2,3,1,1,1
Bad,< 0,30,2,radio/television,2522,1,5,1,3,3,3,2,39,3,own,1,3,2,1,1
Good,< 0,36,2,furniture/equipment,5179,1,4,4,3,1,2,2,29,3,own,1,3,1,1,1
Good,< 0,36,2,car (used),8229,1,3,2,3,1,2,2,26,3,own,1,3,2,1,1
Bad,No checking,24,4,furniture/equipment,2028,1,4,2,3,1,2,2,30,3,own,2,2,1,1,1
Bad,< 0,6,2,car (new),1374,5,1,4,2,1,3,2,75,3,own,1,4,1,2,1
Bad,< 0,12,2,furniture/equipment,1289,1,3,4,3,3,1,2,21,3,own,1,2,1,1,1
Good,< 0,36,2,furniture/equipment,2712,1,5,2,3,1,2,2,41,1,own,1,3,2,1,1
Bad,< 0,15,4,furniture/equipment,975,1,3,2,1,1,3,2,25,3,own,2,3,1,1,1
Bad,< 200,6,3,furniture/equipment,1050,1,1,4,3,1,1,2,35,2,own,2,4,1,2,2
Bad,< 0,6,4,car (new),609,1,4,4,2,1,3,2,37,3,own,2,3,1,1,1
Bad,< 0,48,2,car (used),4788,1,4,4,3,1,3,2,26,3,own,1,3,2,1,1
Bad,< 200,24,2,furniture/equipment,3069,2,5,4,3,1,4,4,30,3,for free,1,3,1,1,1
Good,< 200,12,2,car (new),836,2,2,4,2,1,2,2,23,1,own,1,2,1,1,1
Bad,< 0,12,2,furniture/equipment,2577,1,3,2,1,1,1,3,42,3,own,1,3,1,1,1
Bad,< 0,12,2,furniture/equipment,1620,1,3,2,2,2,3,2,30,3,own,1,3,1,1,1
Bad,< 0,15,2,furniture/equipment,1845,1,2,4,2,3,1,2,46,3,rent,1,3,1,1,1
Bad,< 0,24,2,car (used),6579,1,1,4,3,1,2,4,29,3,for free,1,4,1,2,1
Bad,< 0,12,2,car (new),1893,1,3,4,2,3,4,2,29,3,own,1,3,1,2,1
Bad,< 0,30,4,car (used),10623,1,5,3,3,1,4,4,38,3,for free,3,4,2,2,1
Bad,< 0,18,2,car (new),2249,2,4,4,3,1,3,3,30,3,own,1,4,2,2,1
Good,< 0,30,2,furniture/equipment,3108,1,2,2,1,1,4,2,31,3,own,1,2,1,1,1
Bad,< 200,12,4,car (new),958,1,4,2,3,1,3,1,47,3,own,2,2,2,1,1
Bad,No checking,24,2,car (used),9277,5,3,2,1,1,4,4,48,3,for free,1,3,1,2,1
Bad,No checking,24,4,car(new),6314,1,1,4,3,2,2,4,27,1,own,2,4,1,2,1
Bad,< 0,12,4,car (used),1526,1,5,4,3,1,4,4,66,3,for free,2,4,1,1,1
Bad,< 0,12,2,furniture/equipment,3590,1,3,2,3,2,2,2,29,3,own,1,2,2,1,1
Bad,< 0,24,4,car (used),6615,1,1,2,3,1,4,4,75,3,for free,2,4,1,2,1
Bad,< 0,6,4,furniture/equipment,1872,1,1,4,3,1,4,4,36,3,for free,3,4,1,2,1
Bad,No checking,12,2,car (new),2859,5,1,4,3,1,4,4,38,3,own,1,4,1,2,1
Bad,No checking,18,4,radio/television,1582,4,5,4,3,1,4,3,46,3,own,2,3,1,1,1
Bad,No checking,6,2,retraining,1238,5,1,4,3,1,4,2,36,3,own,1,4,2,2,1
Bad,< 0,12,2,furniture/equipment,2578,1,1,3,2,1,4,4,55,3,for free,1,4,1,1,1
Bad,< 0,15,4,furniture/equipment,1433,1,3,4,2,1,3,2,25,3,rent,2,3,1,1,1
Bad,< 0,42,2,furniture/equipment,7882,1,4,2,3,3,4,2,45,3,for free,1,3,2,1,1
Bad,< 0,24,2,furniture/equipment,4169,1,3,4,3,1,4,2,28,3,own,1,3,1,1,1
Bad,< 0,36,2,furniture/equipment,3959,1,1,4,3,1,3,2,30,3,own,1,4,1,2,1
Bad,< 0,36,2,car (new),3249,1,4,2,3,1,4,4,39,1,for free,1,4,2,2,1
Bad,< 0,24,2,furniture/equipment,3149,1,2,4,3,1,1,4,22,1,for free,1,3,1,1,1
Good,< 0,12,4,furniture/equipment,2246,1,5,3,3,1,3,2,60,3,own,2,3,1,1,1
Bad,< 0,13,4,business,1797,1,2,3,3,1,1,2,28,1,own,2,2,1,1,1
Bad,< 0,20,4,furniture/equipment,4272,1,5,1,2,1,4,2,24,3,own,2,3,1,1,1
Bad,< 0,24,4,car (used),2957,1,5,4,3,1,4,2,63,3,own,2,3,1,2,1
Bad,< 0,36,4,furniture/equipment,2348,1,3,3,4,1,2,2,46,3,own,2,3,1,2,1
Bad,>= 200,42,0,business,6289,1,2,2,1,1,1,2,33,3,own,2,3,1,1,1
Bad,< 0,24,4,car (used),6419,1,5,2,2,1,4,4,44,3,for free,2,4,2,2,1
Good,< 0,48,4,car (used),6143,1,5,4,2,1,4,4,58,2,for free,2,2,1,1,1
Bad,No checking,24,4,education,1597,1,5,4,3,1,4,4,54,3,for free,2,3,2,1,1
Bad,< 0,36,2,car(new),15857,1,1,2,1,2,3,3,43,3,own,1,4,1,1,1
Bad,No checking,24,4,radio/television,2223,2,5,4,3,1,4,2,52,1,own,2,3,1,1,1
Bad,No checking,48,3,radio/television,7238,5,5,3,3,1,3,3,32,1,own,2,3,2,1,1
Bad,< 200,30,3,business,2503,2,5,4,3,1,2,2,41,2,own,2,3,1,1,1
Bad,< 200,18,2,business,2622,2,3,4,3,1,4,3,34,3,own,1,3,1,1,1
Bad,< 200,24,2,furniture/equipment,4351,5,3,1,2,1,4,2,48,3,own,1,2,1,2,1
Bad,< 200,6,2,radio/television,368,5,5,4,3,1,4,2,38,3,own,1,3,1,1,1
Bad,< 200,12,2,retraining,754,5,5,4,3,1,4,2,38,3,own,2,3,1,1,1
Bad,No checking,24,4,radio/television,2424,5,5,4,3,1,4,2,53,3,own,2,3,1,1,1
Bad,< 200,48,3,business,6681,5,3,4,3,1,4,4,38,3,for free,1,3,2,2,1
Bad,< 200,18,3,business,2427,5,5,4,3,1,2,2,42,3,own,2,3,1,1,1
Good,< 200,24,4,radio/television,1216,2,2,4,3,1,4,4,38,1,own,2,3,2,1,1
Bad,< 200,6,2,radio/television,753,1,3,2,2,3,3,1,64,3,own,1,3,1,1,1
Bad,< 200,7,2,radio/television,2576,1,3,2,3,3,2,1,35,3,own,1,3,1,1,2
Bad,< 200,6,2,radio/television,590,1,2,3,4,1,3,1,26,3,own,1,2,1,1,2
Bad,< 200,8,2,radio/television,1414,1,3,4,3,3,2,1,33,3,own,1,3,1,1,2
Bad,< 200,12,2,radio/television,1103,1,4,4,3,3,3,1,29,3,own,2,3,1,1,1
Bad,< 200,12,3,radio/television,585,1,3,4,4,2,4,1,20,3,rent,2,3,1,1,1
Bad,< 200,6,2,radio/television,1068,1,5,4,3,1,4,3,28,3,own,1,3,2,1,1
Bad,< 0,8,4,car (new),713,1,5,4,3,1,4,1,47,3,own,2,2,1,1,1
Bad,< 200,12,2,radio/television,1092,1,3,4,2,3,4,1,49,3,own,2,3,1,2,1
Bad,< 200,7,2,radio/television,2329,1,2,1,2,3,1,1,45,3,own,1,3,1,1,1
Bad,< 200,13,4,radio/television,882,1,2,4,3,3,4,1,23,3,own,2,3,1,1,1
Bad,< 200,18,2,radio/television,866,1,3,4,4,3,2,1,25,3,own,1,2,1,1,1
Bad,< 200,7,2,radio/television,2415,1,3,3,3,3,2,1,34,3,own,1,3,1,1,1
Bad,< 200,13,2,radio/television,2101,1,2,2,2,3,4,2,23,3,own,1,2,1,1,1
Bad,< 200,18,2,radio/television,1301,1,5,4,4,3,2,1,32,3,own,1,2,1,1,1
Bad,< 200,18,2,radio/television,1113,1,3,4,2,3,4,1,26,3,own,1,2,2,1,1
Bad,< 200,8,2,radio/television,760,1,4,4,2,3,2,1,44,3,own,1,2,1,1,1
Bad,< 200,12,2,radio/television,625,1,2,4,4,3,1,1,26,1,own,1,2,1,1,1
Bad,>= 200,6,4,car (new),1323,2,5,2,1,1,4,3,28,3,own,2,3,2,2,1
Bad,< 0,9,4,radio/television,1138,1,3,4,3,1,4,1,25,3,own,2,2,1,1,1
Bad,< 200,18,4,radio/television,1795,1,5,3,2,3,4,1,48,1,rent,2,2,1,2,1
Bad,< 200,15,4,radio/television,2728,5,4,4,3,3,2,1,35,1,own,3,3,1,2,1
Bad,< 200,6,2,radio/television,484,1,4,3,4,3,3,1,28,1,own,1,2,1,1,1
Bad,< 200,10,1,radio/television,1048,1,3,4,3,1,4,1,23,2,own,1,2,1,1,1
Bad,< 200,12,2,radio/television,1155,1,5,3,4,3,3,1,40,1,own,2,2,1,1,1
Bad,< 200,20,3,car (used),7057,5,4,3,3,1,4,2,36,1,rent,2,4,2,2,1
Bad,< 200,15,4,radio/television,1537,5,5,4,3,3,4,1,50,3,own,2,3,1,2,1
Bad,< 0,12,2,radio/television,2214,1,3,4,3,1,3,2,24,3,own,1,2,1,1,1
Bad,No checking,24,4,furniture/equipment,1585,1,4,4,3,1,3,2,40,3,own,2,3,1,1,1
Bad,< 200,10,2,furniture/equipment,1521,1,3,4,1,1,2,3,31,3,own,1,2,1,1,1
Bad,< 200,36,1,domestic appliances,3990,5,2,3,2,1,2,4,29,1,own,1,1,1,1,1
Bad,>= 200,18,2,furniture/equipment,3049,1,2,1,2,1,1,2,45,2,own,1,2,1,1,1
Good,< 0,24,2,radio/television,1282,2,3,4,2,1,2,3,32,3,own,1,2,1,1,1
Bad,No checking,60,2,radio/television,10144,2,4,2,2,1,4,1,21,3,own,1,3,1,2,1
Bad,< 0,12,2,car (new),1168,1,3,4,4,1,3,1,27,3,own,1,2,1,1,1
Bad,< 200,6,2,repairs,454,1,2,3,4,1,1,2,22,3,own,1,2,1,1,1
Bad,No checking,15,3,car (used),3594,1,2,1,2,1,2,2,46,3,own,2,2,1,1,1
Bad,No checking,12,2,furniture/equipment,1768,1,3,3,3,1,2,1,24,3,rent,1,2,1,1,1
Bad,No checking,60,3,radio/television,15653,1,4,2,3,1,4,3,21,3,own,2,3,1,2,1
Bad,>= 200,12,3,car (new),2247,1,3,2,2,1,2,3,36,2,own,2,3,1,2,1
Bad,No checking,24,2,radio/television,1413,1,3,4,4,1,2,2,28,3,own,1,3,1,1,1
Bad,< 200,45,4,car (used),4576,2,1,3,3,1,4,3,27,3,own,1,3,1,1,1
Bad,< 0,24,4,radio/television,1231,4,5,4,2,1,4,2,57,3,rent,2,4,1,2,1
Good,< 0,36,2,car (used),8335,5,5,3,3,1,4,4,47,3,for free,1,3,1,1,1
Bad,< 200,36,4,car (used),5800,1,3,3,3,1,4,3,34,3,own,2,3,1,2,1
Bad,< 0,18,3,education,8471,5,3,1,2,1,2,3,23,3,rent,2,3,1,2,1
Bad,< 0,30,2,furniture/equipment,3622,4,5,4,2,1,4,2,57,3,rent,2,3,1,2,1
Bad,< 0,6,4,radio/television,1169,5,5,4,3,1,4,1,67,3,own,2,3,1,2,1
Bad,No checking,15,2,domestic appliances,1262,3,4,4,3,1,3,2,36,3,own,2,3,1,2,1
Bad,>= 200,24,4,furniture/equipment,3617,5,5,4,3,2,4,4,20,3,rent,2,3,1,1,1
Bad,< 200,30,4,car (new),2181,5,5,4,3,1,4,1,36,3,own,2,3,1,1,1
Good,< 0,48,1,business,7685,1,4,2,2,3,4,3,37,3,rent,1,3,1,1,1
Bad,No checking,48,4,education,6110,1,3,1,3,1,3,4,31,1,for free,1,3,1,2,1
Bad,No checking,24,2,car (new),3757,1,5,4,2,2,4,4,62,3,for free,1,3,1,2,1
Bad,< 0,42,4,repairs,3394,1,1,4,3,2,4,3,65,3,own,2,1,1,1,1
Bad,No checking,36,4,business,6304,5,5,4,3,1,4,1,36,3,own,2,3,1,1,1
Bad,No checking,9,4,education,1244,5,5,4,2,1,4,2,41,3,rent,2,2,1,1,1
Bad,No checking,6,2,car (new),3518,1,3,2,3,3,3,2,26,3,rent,1,3,1,1,1
Bad,No checking,36,0,repairs,2613,1,3,4,3,1,2,3,27,3,own,2,3,1,1,1
Bad,< 0,48,2,education,7476,1,4,4,3,1,1,4,50,3,for free,1,4,1,2,1
Good,No checking,24,2,business,4591,4,3,2,3,1,3,2,54,3,own,3,4,1,2,1
Good,< 200,18,2,furniture/equipment,1924,5,2,4,2,1,3,1,27,3,rent,1,3,1,1,1
Good,< 200,72,2,radio/television,5595,2,3,2,4,1,2,3,24,3,own,1,3,1,1,1
Good,< 200,48,3,education,6224,1,5,4,3,1,4,4,50,3,for free,1,3,1,1,1
Bad,>= 200,15,2,education,1905,1,5,4,3,1,4,3,40,3,rent,1,4,1,2,1
Bad,No checking,21,3,car (used),2993,1,3,3,3,1,2,1,28,2,own,2,2,1,1,1
Bad,No checking,36,3,car (used),8947,5,4,3,3,1,2,3,31,2,own,1,4,2,2,1
Bad,< 0,24,2,furniture/equipment,4020,1,3,2,3,1,2,3,27,2,own,1,3,1,1,1
Bad,< 200,18,2,car (used),2779,1,3,1,4,1,3,3,21,3,rent,1,3,1,2,1
Bad,No checking,21,2,car (new),2782,3,4,1,2,1,2,3,31,1,own,1,4,1,1,1
Bad,No checking,12,2,car (new),1884,1,5,4,3,1,4,3,39,3,own,1,4,1,2,1
Bad,No checking,36,4,car (used),11054,5,3,4,3,1,2,3,30,3,own,1,4,1,2,1
Bad,< 200,60,3,radio/television,9157,5,3,2,3,1,2,4,27,3,for free,1,4,1,1,1
Bad,< 200,42,1,car (used),9283,1,1,1,3,1,2,4,55,1,for free,1,4,1,2,1
Bad,No checking,60,2,car (new),6527,5,3,4,3,1,4,4,34,3,for free,1,3,2,2,1
Bad,No checking,15,4,car (used),3368,4,5,3,3,1,4,4,23,3,rent,2,3,1,2,1
Bad,< 0,15,2,car (new),2511,1,1,1,2,1,4,3,23,3,rent,1,3,1,1,1
Bad,< 0,36,2,car (used),5493,1,5,2,3,1,4,4,42,3,for free,1,3,2,1,1
Bad,No checking,6,2,domestic appliances,1338,3,3,1,1,1,4,1,62,3,own,1,3,1,1,1
Bad,< 200,9,2,radio/television,1082,1,5,4,3,1,4,3,37,3,own,2,2,1,1,1
Bad,No checking,18,4,radio/television,1149,4,3,4,3,1,3,1,46,3,own,2,3,1,1,1
Bad,< 200,15,2,repairs,1308,1,5,4,3,1,4,3,38,3,own,2,2,1,1,1
Bad,< 200,20,0,car (used),6148,2,5,3,4,1,4,3,31,1,own,2,3,1,2,1
Bad,No checking,12,2,furniture/equipment,1736,1,4,3,2,1,4,1,31,3,own,1,2,1,1,1
Bad,No checking,12,2,radio/television,3059,4,4,2,1,1,4,1,61,3,own,1,2,1,1,1
Good,< 0,24,2,furniture/equipment,2996,5,3,2,4,1,4,3,20,3,own,1,3,1,1,1
Bad,No checking,30,4,car (used),7596,5,5,1,3,1,4,3,63,3,own,2,3,1,1,1
Bad,No checking,30,2,car (used),4811,5,4,2,2,1,4,2,24,2,rent,1,2,1,1,1
Bad,No checking,6,2,furniture/equipment,1766,1,3,1,4,1,2,2,21,3,rent,1,3,1,1,1
Bad,< 200,24,2,car (used),2760,5,5,4,3,1,4,4,36,1,for free,1,3,1,2,1
Bad,No checking,24,4,repairs,5507,1,5,3,3,1,4,4,44,3,for free,2,3,1,1,1
Bad,< 200,9,2,education,1199,1,4,4,2,1,4,2,67,3,own,2,4,1,2,1
Bad,>= 200,24,2,furniture/equipment,2892,1,5,3,1,1,4,4,51,3,for free,1,3,1,1,1
Bad,< 200,36,3,car (new),2862,2,5,4,3,1,3,4,30,3,for free,1,3,1,1,1
Good,< 0,9,2,car (new),654,1,3,4,3,1,3,3,28,3,own,1,2,1,1,1
Good,< 200,9,4,education,1136,4,5,4,3,1,3,4,32,3,for free,2,3,2,1,1
Good,< 200,24,2,car (used),4113,3,2,3,2,1,4,3,28,3,rent,1,3,1,1,1
Good,< 200,6,2,car (new),14555,5,1,1,3,1,2,2,23,3,own,1,1,1,2,1
Good,< 0,15,0,car (new),950,1,5,4,3,1,3,3,33,3,rent,2,3,2,1,1
Good,< 0,24,4,car (new),1199,1,5,4,3,1,4,3,60,3,own,2,2,1,1,1
Good,< 0,12,0,car (new),1082,1,3,4,3,1,4,3,48,1,own,2,3,1,1,1
Good,< 200,30,2,car (new),2150,1,3,4,2,3,2,4,24,1,own,1,3,1,1,1
Good,< 200,36,4,car (new),2820,1,2,4,1,1,4,3,27,3,own,2,3,1,1,1
Good,< 200,48,2,radio/television,3060,1,4,4,3,1,4,1,28,3,own,2,3,1,1,1
Good,< 0,18,2,radio/television,2600,1,3,4,3,1,4,4,65,3,for free,2,3,1,1,1
Good,No checking,21,0,car (new),5003,5,3,1,2,1,4,2,29,1,own,2,3,1,2,1
Good,< 200,60,2,education,6288,1,3,4,3,1,4,4,42,3,for free,1,3,1,1,1
Good,No checking,24,3,car (new),2538,1,5,4,3,1,4,3,47,3,own,2,2,2,1,1
Good,No checking,9,2,radio/television,1478,1,4,4,3,1,2,3,22,3,own,1,3,1,1,1
Good,< 200,39,4,radio/television,4933,1,4,2,3,3,2,1,25,3,own,2,3,1,1,1
Good,No checking,18,4,car (new),1530,1,3,3,3,1,2,2,32,1,own,2,3,1,1,1
Good,< 200,9,1,car (new),1437,2,4,2,3,1,3,4,29,3,own,1,3,1,1,1
Good,< 0,15,2,domestic appliances,1275,5,3,4,2,1,2,3,24,3,rent,1,3,1,1,1
Good,< 0,24,2,radio/television,1823,1,1,4,3,1,2,3,30,2,own,1,4,2,1,1
Good,< 0,9,2,car (new),1422,1,2,3,3,1,2,4,27,3,for free,1,4,1,2,1
Good,< 0,18,2,domestic appliances,1217,1,3,4,4,1,3,1,47,3,own,1,2,1,2,1
Good,< 0,36,2,car (new),9271,1,4,2,3,1,1,3,24,3,own,1,3,1,2,1
Good,< 0,36,3,business,2145,1,4,2,3,1,1,3,24,3,own,2,3,1,2,1
Good,< 0,36,2,car (new),1842,1,2,4,2,1,4,3,34,3,own,1,3,1,2,1
Good,< 200,18,3,furniture/equipment,4297,1,5,4,1,1,3,4,40,3,own,1,4,1,2,1
Good,< 0,6,4,furniture/equipment,3384,1,3,1,1,1,4,1,44,3,rent,1,4,1,2,1
Good,< 200,18,4,radio/television,1245,1,3,4,4,1,2,3,33,3,own,1,3,1,1,1
Good,No checking,15,2,education,4623,2,3,3,3,1,2,2,40,3,own,1,4,1,2,1
Good,< 200,30,4,furniture/equipment,8386,1,4,2,3,1,2,2,49,3,own,1,3,1,1,1
Good,< 0,24,3,radio/television,1024,1,2,4,4,1,4,1,48,2,own,1,3,1,1,1
Good,< 200,36,2,car (new),14318,1,5,4,3,1,2,4,57,3,for free,1,4,1,2,1
Good,< 200,6,1,education,433,4,2,4,2,1,2,2,24,1,rent,1,3,2,1,1
Good,< 0,12,1,radio/television,2149,1,3,4,1,1,1,4,29,3,for free,1,3,1,1,1
Good,No checking,24,2,radio/television,2397,3,5,3,3,1,2,3,35,1,own,2,3,1,2,1
Good,< 200,6,1,car (new),931,2,2,1,2,1,1,2,32,2,own,1,2,1,1,1
Good,< 200,15,3,repairs,1512,4,3,3,4,1,3,2,61,2,own,2,3,1,1,1
Good,< 200,24,0,business,4241,1,3,1,3,1,4,1,36,3,own,3,2,1,2,1
Good,< 200,24,4,furniture/equipment,4736,1,2,2,2,1,4,3,25,1,own,1,2,1,1,1
Good,< 200,15,0,car (new),1778,1,2,2,2,1,1,1,26,3,rent,2,1,1,1,1
Good,>= 200,15,2,radio/television,2327,1,2,2,2,1,3,1,25,3,own,1,2,1,1,1
Good,< 0,24,1,furniture/equipment,6872,1,2,2,1,1,1,2,55,1,own,1,3,1,2,1
Good,< 0,12,2,education,795,1,2,4,2,1,4,2,53,3,own,1,3,1,1,1
Good,>= 200,30,3,business,1908,1,5,4,3,1,4,1,66,3,own,1,4,1,2,1
Good,< 200,36,0,business,1953,1,5,4,3,1,4,4,61,3,for free,1,4,1,2,1
Good,>= 200,18,2,furniture/equipment,2864,1,3,2,3,1,1,1,34,3,own,1,2,2,1,1
Good,>= 200,21,4,education,2319,1,2,2,1,1,1,3,33,3,rent,1,3,1,1,1
Good,< 0,24,2,car (new),915,5,5,4,2,1,2,3,29,1,own,1,3,1,1,1
Good,>= 200,24,2,car (new),947,1,4,4,3,1,3,4,38,1,for free,1,3,2,1,1
Good,< 0,24,2,car (new),1381,5,3,4,2,1,2,2,35,3,own,1,3,1,1,1
Good,< 0,24,2,car (new),1285,5,4,4,2,1,4,4,32,3,rent,1,3,1,1,1
Good,< 0,24,2,car (new),1371,5,3,4,2,1,4,1,25,3,rent,1,3,1,1,1
Good,< 200,18,2,car (new),1042,5,3,4,2,1,2,2,33,3,own,1,3,1,1,1
Good,< 0,12,2,car (new),900,5,3,4,4,1,2,3,23,3,own,1,3,1,1,1
Good,< 0,24,2,car (new),1207,1,2,4,2,1,4,2,24,3,rent,1,3,1,1,1
Good,< 200,18,0,car (new),2278,2,2,3,2,1,3,3,28,3,own,2,3,1,1,1
Good,< 0,60,3,business,6836,1,5,3,3,1,4,4,63,3,own,2,3,1,2,1
Good,< 0,24,2,furniture/equipment,3345,1,5,4,3,1,2,2,39,3,rent,1,4,1,2,1
Good,< 0,6,1,education,1198,1,5,4,2,1,4,4,35,3,for free,1,3,1,1,1
Good,< 200,48,2,business,15672,1,3,2,3,1,2,3,23,3,own,1,3,1,2,1
Good,< 0,60,2,business,7297,1,5,4,3,2,4,4,36,3,rent,1,3,1,1,1
Good,No checking,18,2,repairs,1943,1,2,4,2,1,4,1,23,3,own,1,3,1,1,1
Good,< 0,18,2,radio/television,3190,1,3,2,2,1,2,1,24,3,own,1,3,1,1,1
Good,< 200,9,1,car (used),5129,1,5,2,2,1,4,4,74,1,for free,1,4,2,2,1
Good,No checking,18,3,furniture/equipment,1808,1,4,4,2,1,1,1,22,3,own,1,3,1,1,1
Good,>= 200,10,2,car (new),1240,2,5,1,2,1,4,4,48,3,for free,1,2,2,1,1
Good,< 0,12,2,car (new),759,1,4,4,3,1,2,1,26,3,own,1,3,1,1,1
Good,< 200,8,2,furniture/equipment,1237,1,3,3,2,1,4,1,24,3,own,1,3,1,1,1
Good,No checking,9,2,furniture/equipment,1980,1,2,2,2,2,2,3,19,3,rent,2,3,1,1,1
Good,< 200,48,2,radio/television,10961,4,4,1,3,2,2,4,27,1,own,2,3,1,2,1
Good,< 0,36,3,education,6887,1,3,4,3,1,3,2,29,2,own,1,3,1,2,1
Good,< 0,24,2,radio/television,1938,1,2,4,1,1,3,2,32,3,own,1,3,1,1,1
Good,< 0,21,2,radio/television,1835,1,3,3,2,1,2,1,25,3,own,2,3,1,2,1
Good,< 0,24,3,radio/television,1659,1,2,4,2,1,2,3,29,3,rent,1,2,1,2,1
Good,< 200,6,3,car (new),1209,1,1,4,3,1,4,2,47,3,own,1,4,1,2,1
Good,< 200,48,0,business,3844,2,4,4,3,1,4,4,34,3,for free,1,2,2,1,1
Good,< 0,12,4,car (new),4843,1,5,3,3,2,4,2,43,3,rent,2,3,1,2,1
Good,< 200,12,2,repairs,639,1,3,4,3,1,2,3,30,3,own,1,3,1,1,1
Good,< 200,48,2,radio/television,5951,1,3,2,2,1,2,1,22,3,own,1,3,1,1,1
Good,< 200,36,0,radio/television,3804,1,3,4,2,1,1,3,42,3,own,1,3,1,2,1
Good,No checking,36,3,radio/television,4463,1,3,4,3,1,2,3,26,3,own,2,4,1,2,1
Good,No checking,36,3,business,7980,5,2,4,3,1,4,3,27,3,rent,2,3,1,2,1
Good,>= 200,36,2,radio/television,4210,1,3,4,3,1,2,3,26,3,own,1,3,1,1,1
Good,No checking,6,2,furniture/equipment,4611,1,2,1,2,1,4,2,32,3,own,1,3,1,1,1
Good,< 200,24,2,car (used),11560,1,3,1,2,1,4,3,23,3,rent,2,4,1,1,1
Good,No checking,18,0,business,4165,1,3,2,3,1,2,3,36,2,own,2,3,2,1,1
Good,< 200,24,2,furniture/equipment,4057,1,4,3,1,1,3,3,43,3,own,1,3,1,2,1
Good,No checking,18,1,car (new),6458,1,5,2,3,1,4,4,39,1,own,2,4,2,2,1
Good,No checking,12,2,car (new),1386,3,3,2,2,1,2,2,26,3,own,1,3,1,1,1
Good,< 0,36,2,education,1977,5,5,4,3,1,4,4,40,3,own,1,4,1,2,1
Good,< 200,18,4,furniture/equipment,1928,1,2,2,3,1,2,1,31,3,own,2,2,1,1,1
Good,No checking,12,2,furniture/equipment,1123,3,3,4,2,1,4,3,29,3,rent,1,2,1,1,1
Good,< 200,24,2,car(new),11328,1,3,2,3,2,3,3,29,1,own,2,4,1,2,1
Good,< 200,24,4,car(new),11938,1,3,2,3,2,3,3,39,3,own,2,4,2,2,1
Good,< 200,27,4,radio/television,2520,3,3,4,3,1,2,2,23,3,own,2,2,1,1,1
Good,< 200,30,3,radio/television,1919,2,2,4,3,1,3,4,30,2,own,2,4,1,1,1
Good,< 200,60,1,car(new),14782,2,5,3,2,1,4,4,60,1,for free,2,4,1,2,1
Good,< 200,36,2,radio/television,2671,2,3,4,2,2,4,4,50,3,for free,1,3,1,1,1
Good,< 200,36,2,education,12612,2,3,1,3,1,4,4,47,3,for free,1,3,2,2,1
Good,< 200,45,2,radio/television,3031,2,3,4,3,3,4,2,21,3,rent,1,3,1,1,1
Good,< 0,12,1,radio/television,626,1,3,4,2,1,4,1,24,1,own,1,2,1,1,1
Good,< 200,24,4,business,1935,1,5,4,1,1,4,1,31,3,own,2,3,1,2,1
Good,>= 200,24,4,car (new),1344,5,4,4,3,1,2,1,37,1,own,2,2,2,1,1
Good,No checking,18,2,furniture/equipment,1533,1,2,4,4,2,1,2,43,3,own,1,2,2,1,1
Good,< 0,48,2,car (new),3931,1,4,4,3,1,4,4,46,3,for free,1,3,2,1,1
Good,< 0,24,1,furniture/equipment,3349,3,2,4,3,1,4,4,30,3,for free,1,3,2,2,1
Good,< 0,36,2,radio/television,2302,1,3,4,1,1,4,3,31,3,rent,1,3,1,1,1
Good,< 0,42,2,radio/television,3965,1,2,4,3,1,3,3,34,3,own,1,3,1,1,1
Good,< 0,12,2,radio/television,727,2,2,4,4,1,3,4,33,3,own,1,2,1,2,1
Good,No checking,48,2,business,3914,5,3,4,1,1,2,1,38,1,own,1,3,1,1,1
Good,< 0,48,2,business,4308,1,2,3,2,1,4,2,24,3,rent,1,3,1,1,1
Good,< 200,12,2,radio/television,1534,1,2,1,4,1,1,1,23,3,rent,1,3,1,1,1
Good,No checking,18,4,car (new),2775,1,4,2,3,1,2,2,31,1,own,2,3,1,1,1
Good,< 0,40,4,education,5998,1,3,4,3,1,3,4,27,1,own,1,3,1,2,1
Good,>= 200,15,4,radio/television,1271,5,3,3,3,1,4,4,39,3,for free,2,3,1,2,1
Good,< 200,12,2,car (new),1295,1,2,3,2,1,1,3,25,3,rent,1,3,1,1,1
Good,< 200,36,2,car (used),9398,1,2,1,4,1,4,3,28,3,rent,1,4,1,2,1
Good,< 200,12,2,furniture/equipment,951,2,2,4,2,1,4,3,27,1,rent,4,3,1,1,1
Good,< 200,24,2,car (new),1355,1,2,3,2,1,4,3,25,3,own,1,2,1,2,1
Good,< 0,48,2,domestic appliances,3051,1,3,3,3,1,4,3,54,3,own,1,3,1,1,1
Good,No checking,36,4,car (new),7855,1,3,4,2,1,2,1,25,2,own,2,3,1,2,1
Good,No checking,18,2,radio/television,433,1,1,3,2,2,4,1,22,3,rent,1,3,1,1,1
Good,No checking,36,3,business,9572,1,2,1,1,1,1,3,28,3,own,2,3,1,1,1
Good,< 200,24,1,education,1837,1,4,4,2,1,4,4,34,1,for free,1,2,1,1,1
Good,< 200,30,4,car (new),4249,1,1,4,4,1,2,3,28,3,own,2,4,1,1,1
Good,< 200,30,4,car (new),5234,1,1,4,4,1,2,3,28,3,own,2,4,1,1,1
Good,< 0,48,2,radio/television,6758,1,3,3,2,1,2,3,31,3,own,1,3,1,2,1
Good,< 0,9,2,radio/television,1366,1,2,3,2,1,4,2,22,3,rent,1,3,1,1,1
Good,< 0,24,1,car(new),1358,5,5,4,3,1,3,3,40,2,own,1,4,1,2,1
Good,< 0,18,2,furniture/equipment,2473,1,1,4,3,1,1,3,25,3,own,1,1,1,1,1
Good,>= 200,9,0,radio/television,1337,1,2,4,3,1,2,3,34,3,own,2,4,1,2,1
Good,< 0,48,2,car (new),7763,1,5,4,3,1,4,4,42,1,for free,1,4,1,1,1
Good,< 200,15,1,car (new),1264,2,3,2,4,1,2,2,25,3,rent,1,3,1,1,1
Good,< 200,15,2,car (new),2631,2,3,2,2,1,4,3,28,3,rent,2,3,1,2,1
Good,< 200,48,2,car (new),6560,2,4,3,3,1,2,2,24,3,own,1,3,1,1,1
Good,< 0,24,2,car (new),3123,1,2,4,2,1,1,2,27,3,own,1,3,1,1,1
Good,< 0,36,4,education,8065,1,3,3,2,1,2,4,25,3,own,2,4,1,2,1
Good,< 0,24,2,radio/television,2439,1,2,4,2,1,4,1,35,3,own,1,3,1,2,1
Good,< 200,36,2,furniture/equipment,9034,2,2,4,3,2,1,4,29,3,rent,1,4,1,2,1
Good,< 200,60,2,car (new),14027,1,4,4,3,1,2,4,27,3,own,1,4,1,2,1
Good,< 0,36,4,car (used),9629,1,4,4,3,1,4,3,24,3,own,2,3,1,2,1
Good,< 200,12,2,radio/television,1484,5,3,2,4,1,1,1,25,3,own,1,3,1,2,1
Good,< 0,18,2,furniture/equipment,1131,1,1,4,2,1,2,3,33,3,own,1,3,1,1,1
Good,< 200,24,3,furniture/equipment,2064,1,1,3,2,1,2,2,34,3,own,1,4,1,2,1
Good,< 200,18,2,car (used),12976,1,1,3,2,1,4,4,38,3,for free,1,4,1,2,1
Good,No checking,21,3,business,2580,3,2,4,3,1,2,1,41,1,own,1,2,2,1,1
Good,No checking,27,2,car (new),2570,1,3,3,2,1,3,1,21,3,rent,1,3,1,1,1
Good,< 200,27,2,business,3915,1,3,4,3,1,2,3,36,3,own,1,3,2,2,1
Good,No checking,10,2,car (new),1309,5,3,4,3,3,4,2,27,3,own,1,2,1,1,1
Good,< 0,24,2,car (new),4817,1,4,2,3,2,3,2,31,3,own,1,3,1,2,1
Good,< 0,12,2,car (new),2579,1,2,4,3,1,1,1,33,3,own,1,2,2,1,1
Good,< 200,36,3,car (new),2225,1,5,4,3,1,4,4,57,1,for free,2,3,1,2,1
Good,< 0,18,2,furniture/equipment,4153,1,3,2,3,2,3,3,42,3,own,1,3,1,1,1
Good,< 0,18,0,furniture/equipment,3114,1,2,1,2,1,4,2,26,3,rent,1,3,1,1,1
Good,< 0,18,4,furniture/equipment,2124,1,3,4,2,1,4,1,24,3,rent,2,3,1,1,1
Good,< 0,18,1,furniture/equipment,1553,1,3,4,3,1,3,3,44,1,own,1,3,1,1,1
Good,< 0,30,2,furniture/equipment,2406,1,4,4,2,1,4,1,23,3,rent,1,3,1,1,1
Good,< 0,24,3,car (new),1333,1,1,4,3,1,2,1,43,3,for free,2,3,2,1,1
Good,< 0,48,0,furniture/equipment,7119,1,3,3,3,1,4,4,53,3,for free,2,3,2,1,1
Good,< 0,24,3,car (new),4870,1,3,3,3,1,4,4,53,3,for free,2,3,2,1,1
Good,< 0,12,4,car (new),691,1,5,4,3,1,3,2,35,3,own,2,3,1,1,1
Good,< 0,42,3,radio/television,4370,1,4,3,3,1,2,2,26,1,own,2,3,2,2,1
Good,< 0,36,1,furniture/equipment,2746,1,5,4,3,1,4,3,31,1,own,1,3,1,1,1
Good,< 0,24,0,furniture/equipment,4110,1,5,3,3,1,4,4,23,1,rent,2,3,2,1,1
Good,< 0,18,2,furniture/equipment,2462,1,3,2,3,1,2,3,22,3,own,1,3,1,1,1
Good,< 0,12,2,furniture/equipment,1282,1,3,2,2,1,4,3,20,3,rent,1,3,1,1,1
Good,< 200,12,0,furniture/equipment,2969,1,2,4,2,1,3,2,25,3,rent,2,3,1,1,1
Good,< 0,48,0,car (used),4605,1,5,3,3,1,4,4,24,3,for free,2,3,2,1,1
Good,< 0,48,4,car (used),6331,1,5,4,3,1,4,4,46,3,for free,2,3,1,2,1
Good,< 0,24,1,furniture/equipment,3552,1,4,3,3,1,4,3,27,1,own,1,3,1,1,1
Good,< 0,12,1,car (new),697,1,2,4,3,1,2,3,46,1,own,2,3,1,2,1
Good,< 0,24,2,car (new),1442,1,4,4,2,1,4,3,23,3,rent,2,3,1,1,1
Good,< 0,27,0,business,5293,1,1,2,3,1,4,2,50,3,own,2,3,1,2,1
Good,< 0,21,3,education,3414,1,2,2,3,1,1,2,26,2,own,2,3,1,1,1
Good,< 0,18,2,furniture/equipment,2039,1,3,1,2,1,4,1,20,3,rent,1,3,1,1,1
Good,< 0,24,1,business,3161,1,3,4,3,1,2,2,31,1,rent,1,3,1,2,1
Good,< 0,12,2,retraining,902,1,4,4,4,1,4,2,21,3,rent,1,3,1,1,1
Good,< 0,48,2,car (used),10297,1,4,4,3,1,4,4,39,3,for free,3,3,2,2,1
Good,< 200,48,0,business,14421,1,3,2,3,1,2,3,25,2,own,1,3,1,2,1
Good,< 200,18,4,car (new),1056,1,5,3,3,3,3,1,30,3,own,2,3,1,1,1
Good,< 0,12,2,car (new),1274,1,2,3,2,1,1,1,37,1,own,1,2,1,1,1
Good,< 200,12,2,car (new),1223,1,5,1,1,1,1,1,46,3,rent,2,3,1,1,1
Good,< 0,12,2,car (new),1372,1,4,2,1,1,3,3,36,3,own,1,3,1,1,1
Good,< 0,16,4,car (new),2625,1,5,2,3,3,4,2,43,3,rent,1,3,1,2,2
Good,< 0,20,4,car (new),2235,1,3,4,4,3,2,2,33,1,rent,2,3,1,1,2
Good,< 200,9,2,furniture/equipment,959,1,3,1,2,1,2,3,29,1,own,1,3,1,1,1
Good,< 200,18,4,car (new),884,1,5,4,3,1,4,3,36,3,own,1,3,2,2,1
Good,< 200,24,2,car (new),1246,1,2,4,3,1,2,1,23,1,own,1,2,1,1,1
Good,< 200,36,3,car (new),8086,2,5,2,3,1,4,3,42,2,own,4,4,1,2,1
Good,No checking,48,4,car (new),10127,3,3,2,3,1,2,4,44,3,for free,1,3,1,1,1
Good,< 200,12,2,car (new),888,1,5,4,3,1,4,3,41,1,own,1,2,2,1,1
Good,No checking,12,2,education,719,1,5,4,3,1,4,3,41,1,own,1,2,2,1,1
Good,< 200,36,2,car (new),12389,5,3,1,3,1,4,4,37,1,for free,1,3,1,2,1
Good,< 0,12,2,radio/television,709,1,5,4,3,1,4,1,57,3,own,1,2,1,1,1
Good,< 200,15,1,car (new),6850,2,1,1,3,1,2,2,34,2,own,1,4,2,2,1
Good,No checking,10,2,furniture/equipment,2210,1,3,2,3,1,2,1,25,3,rent,1,2,1,1,1
Good,No checking,30,1,car (used),7485,5,1,4,2,1,1,1,53,1,own,1,4,1,2,1
Good,< 0,18,1,car (new),1442,1,4,4,3,1,4,4,32,1,for free,2,2,2,1,1
Good,No checking,12,4,radio/television,797,5,5,4,2,1,3,2,33,3,own,1,2,2,1,1
Good,< 200,45,4,radio/television,4746,1,2,4,3,1,2,2,24,1,own,2,2,1,1,1
Good,>= 200,12,4,car (new),939,3,4,4,4,1,2,1,28,3,own,3,3,1,2,1
Good,< 200,21,2,business,1188,1,5,2,2,1,4,2,39,3,own,1,3,2,1,1
Good,No checking,48,4,car (used),11590,2,3,2,2,1,4,3,24,3,rent,2,2,1,1,1
Good,>= 200,12,1,business,609,1,2,4,2,1,1,1,26,1,own,1,1,1,1,1
Good,< 0,18,4,repairs,1190,1,1,2,2,1,4,4,55,3,for free,3,1,2,1,1
Good,< 200,21,2,business,2767,2,5,4,1,1,2,3,61,3,rent,2,2,1,1,1
Good,< 200,30,2,furniture/equipment,3441,2,3,2,2,2,4,3,21,1,rent,1,3,1,1,1
Good,< 200,30,0,business,4280,2,3,4,2,1,4,3,26,3,rent,2,2,1,1,1
Good,< 200,24,2,radio/television,3092,2,2,3,4,1,2,3,22,3,rent,1,3,1,2,1
Good,No checking,18,2,car (new),6761,5,3,2,3,1,4,3,68,2,rent,2,3,1,1,1
Good,< 200,12,2,radio/television,1331,1,2,2,3,1,1,3,22,3,own,1,3,1,1,1
Good,< 200,54,0,business,15945,1,2,3,3,1,4,4,58,3,rent,1,3,1,2,1
Good,< 0,24,2,furniture/equipment,3234,1,2,4,2,1,4,1,23,3,rent,1,2,1,2,1
Good,< 200,15,2,radio/television,802,1,5,4,3,1,3,3,37,3,own,1,3,2,1,1
Good,< 200,48,2,furniture/equipment,9960,1,2,1,2,1,2,3,26,1,own,1,3,1,2,1
Good,No checking,24,3,business,8648,1,2,2,3,1,2,3,27,1,own,2,3,1,2,1
Good,< 0,18,2,radio/television,1345,1,3,4,4,1,3,1,26,3,own,1,3,1,1,1
Good,< 0,45,2,radio/television,1845,1,3,4,3,1,4,4,23,3,for free,1,3,1,2,1
Good,< 0,21,1,car (new),1647,5,3,4,3,1,2,2,40,1,own,2,2,2,1,1
Good,No checking,48,2,business,4844,1,1,3,3,1,2,3,33,3,rent,1,4,1,2,1
Good,< 200,27,0,business,8318,1,5,2,2,1,4,4,42,2,for free,2,4,1,2,1
Good,>= 200,18,2,radio/television,2100,1,3,4,3,2,2,1,37,3,own,1,3,1,1,1
Good,< 0,45,0,business,11816,1,5,2,3,1,4,3,29,3,rent,2,3,1,1,1
Good,< 0,6,2,education,448,1,2,4,2,1,4,2,23,3,own,1,3,1,1,1
Good,< 0,30,2,repairs,11998,1,2,1,1,1,1,4,34,1,own,1,2,1,2,1
Good,< 200,48,0,car(new),18424,1,3,1,2,1,2,2,32,1,own,1,4,1,2,2
Good,< 0,6,2,car (new),14896,1,5,1,3,1,4,4,68,1,own,1,4,1,2,1
Good,< 200,12,2,furniture/equipment,2762,5,5,1,2,1,2,2,25,3,own,1,3,1,2,1
Good,< 0,12,2,car (used),3386,1,5,3,3,1,4,4,35,3,for free,1,3,1,2,1
Good,< 200,24,2,radio/television,2039,1,2,1,4,1,1,2,22,3,own,1,3,1,2,1
Good,No checking,18,3,business,2169,1,3,4,4,1,2,3,28,3,own,1,3,1,2,1
Good,< 200,48,4,furniture/equipment,5096,1,3,2,2,1,3,3,30,3,own,1,4,1,2,1
Good,< 0,18,2,radio/television,1882,1,3,4,2,1,4,3,25,1,rent,2,3,1,1,1
Good,< 0,48,2,radio/television,6999,1,4,1,4,3,1,1,34,3,own,2,3,1,2,1
Good,No checking,12,4,business,2292,1,1,4,3,1,2,3,42,2,own,2,4,1,2,1
Good,< 0,14,2,car (new),8978,1,5,1,1,1,4,2,45,3,own,1,4,1,2,2
Good,< 0,12,2,radio/television,674,2,4,4,4,1,1,2,20,3,own,1,3,1,1,1
Good,< 0,18,2,car (new),976,1,2,1,2,1,2,3,23,3,own,1,2,1,1,1
Good,< 200,24,2,car (new),2718,1,3,3,2,1,4,2,20,3,rent,1,2,1,2,1
Good,< 0,18,2,education,750,1,1,4,2,1,1,1,27,3,own,1,1,1,1,1
Good,< 200,24,2,car (used),12579,1,5,4,2,1,2,4,44,3,for free,1,4,1,2,1
Good,< 0,18,2,car (used),7511,5,5,1,3,1,4,2,51,3,for free,1,3,2,2,1
Good,< 0,18,4,car (new),3966,1,5,1,2,1,4,1,33,1,rent,3,3,1,2,1
Good,< 0,12,0,radio/television,6199,1,3,4,3,1,2,2,28,3,rent,2,3,1,2,1
Good,< 0,24,2,radio/television,1987,1,3,2,3,1,4,1,21,3,rent,1,2,2,1,1
Good,< 0,24,2,car (new),2303,1,5,4,3,2,1,1,45,3,own,1,3,1,1,1
Good,No checking,21,4,car (new),12680,5,5,4,3,1,4,4,30,3,for free,1,4,1,2,1
Good,< 200,12,2,radio/television,6468,5,1,2,3,1,1,4,52,3,own,1,4,1,2,1
Good,< 0,30,2,furniture/equipment,6350,5,5,4,3,1,4,2,31,3,own,1,3,1,1,1